"sampling","date","plot","treatment","species","abundance","height","Cb","Db","Cm","Dm","category","OBS"
"s0","may_04","plot 3","p","apar",2,17,NA,NA,NA,NA,0,NA
"s0","may_04","plot 15","p","avst",0.5,90,NA,NA,NA,NA,NA,NA
"s0","may_04","plot 15","p","avst",0.5,81,NA,NA,NA,NA,NA,NA
"s0","may_04","plot 15","p","avst",0.5,79,NA,NA,NA,NA,NA,NA
"s0","may_04","plot 15","p","avst",0.5,77,NA,NA,NA,NA,NA,NA
"s0","may_04","plot 15","p","avst",0.5,69,NA,NA,NA,NA,NA,NA
"s0","may_04","plot 15","p","avst",0.5,62,NA,NA,NA,NA,NA,NA
"s0","may_04","plot 3","p","bepe",2,21,NA,NA,NA,NA,NA,NA
"s0","may_04","plot 3","p","bepe",2,21,NA,NA,NA,NA,NA,NA
"s0","may_04","plot 10","p","bepe",1,19,NA,NA,NA,NA,0,NA
"s0","may_04","plot 3","p","brho",25,68,NA,NA,NA,NA,NA,NA
"s0","may_04","plot 3","p","brho",25,68,NA,NA,NA,NA,NA,NA
"s0","may_04","plot 3","p","brho",25,66,NA,NA,NA,NA,NA,NA
"s0","may_04","plot 3","p","brho",25,66,NA,NA,NA,NA,NA,NA
"s0","may_04","plot 3","p","brho",25,58,NA,NA,NA,NA,NA,NA
"s0","may_04","plot 3","p","brho",25,56,NA,NA,NA,NA,NA,NA
"s0","may_04","plot 3","p","brho",25,56,NA,NA,NA,NA,NA,NA
"s0","may_04","plot 3","p","brho",25,55,NA,NA,NA,NA,NA,NA
"s0","may_04","plot 3","p","brho",25,53,NA,NA,NA,NA,NA,NA
"s0","may_04","plot 10","p","brho",1,52,NA,NA,NA,NA,0,NA
"s0","may_04","plot 3","p","brho",25,52,NA,NA,NA,NA,NA,NA
"s0","may_04","plot 3","p","brho",25,52,NA,NA,NA,NA,NA,NA
"s0","may_04","plot 10","p","brho",1,50,NA,NA,NA,NA,0,NA
"s0","may_04","plot 3","p","brho",25,49,NA,NA,NA,NA,NA,NA
"s0","may_04","plot 15","p","brst",95,136,NA,NA,NA,NA,0,NA
"s0","may_04","plot 15","p","brst",95,135,NA,NA,NA,NA,0,NA
"s0","may_04","plot 15","p","brst",95,132,NA,NA,NA,NA,0,NA
"s0","may_04","plot 15","p","brst",95,131,NA,NA,NA,NA,0,NA
"s0","may_04","plot 15","p","brst",95,129,NA,NA,NA,NA,0,NA
"s0","may_04","plot 15","p","brst",95,128,NA,NA,NA,NA,0,NA
"s0","may_04","plot 15","p","brst",95,125,NA,NA,NA,NA,0,NA
"s0","may_04","plot 15","p","brst",95,125,NA,NA,NA,NA,0,NA
"s0","may_04","plot 15","p","brst",95,118,NA,NA,NA,NA,0,NA
"s0","may_04","plot 15","p","brst",95,117,NA,NA,NA,NA,0,NA
"s0","may_04","plot 15","p","brst",95,114,NA,NA,NA,NA,0,NA
"s0","may_04","plot 15","p","brst",95,111,NA,NA,NA,NA,0,NA
"s0","may_04","plot 15","p","brst",95,110,NA,NA,NA,NA,0,NA
"s0","may_04","plot 15","p","brst",95,104,NA,NA,NA,NA,0,NA
"s0","may_04","plot 15","p","brst",95,102,NA,NA,NA,NA,0,NA
"s0","may_04","plot 15","p","brst",95,99,NA,NA,NA,NA,0,NA
"s0","may_04","plot 15","p","brst",95,98,NA,NA,NA,NA,0,NA
"s0","may_04","plot 15","p","brst",95,94,NA,NA,NA,NA,0,NA
"s0","may_04","plot 15","p","brst",95,88,NA,NA,NA,NA,0,NA
"s0","may_04","plot 15","p","brst",95,87,NA,NA,NA,NA,0,NA
"s0","may_04","plot 3","p","brst",40,74,NA,NA,NA,NA,NA,NA
"s0","may_04","plot 3","p","brst",40,72,NA,NA,NA,NA,NA,NA
"s0","may_04","plot 3","p","brst",40,72,NA,NA,NA,NA,NA,NA
"s0","may_04","plot 3","p","brst",40,71,NA,NA,NA,NA,NA,NA
"s0","may_04","plot 3","p","brst",40,70.5,NA,NA,NA,NA,NA,NA
"s0","may_04","plot 3","p","brst",40,70,NA,NA,NA,NA,NA,NA
"s0","may_04","plot 3","p","brst",40,69,NA,NA,NA,NA,NA,NA
"s0","may_04","plot 3","p","brst",40,69,NA,NA,NA,NA,NA,NA
"s0","may_04","plot 3","p","brst",40,69,NA,NA,NA,NA,NA,NA
"s0","may_04","plot 3","p","brst",40,68,NA,NA,NA,NA,NA,NA
"s0","may_04","plot 3","p","brst",40,67,NA,NA,NA,NA,NA,NA
"s0","may_04","plot 3","p","brst",40,66,NA,NA,NA,NA,NA,NA
"s0","may_04","plot 3","p","brst",40,66,NA,NA,NA,NA,NA,NA
"s0","may_04","plot 3","p","brst",40,63,NA,NA,NA,NA,NA,NA
"s0","may_04","plot 3","p","brst",40,63,NA,NA,NA,NA,NA,NA
"s0","may_04","plot 3","p","brst",40,60,NA,NA,NA,NA,NA,NA
"s0","may_04","plot 3","p","brst",40,59,NA,NA,NA,NA,NA,NA
"s0","may_04","plot 3","p","brst",40,54,NA,NA,NA,NA,NA,NA
"s0","may_04","plot 3","p","brst",40,54,NA,NA,NA,NA,NA,NA
"s0","may_04","plot 3","p","brst",40,49,NA,NA,NA,NA,NA,NA
"s0","may_04","plot 3","p","coar",1,33,NA,NA,NA,NA,NA,NA
"s0","may_04","plot 10","p","coar",3,27,NA,NA,NA,NA,0,NA
"s0","may_04","plot 10","p","coar",3,27,NA,NA,NA,NA,0,NA
"s0","may_04","plot 10","p","coar",3,26,NA,NA,NA,NA,0,NA
"s0","may_04","plot 6","p","coar",1,24,NA,NA,NA,NA,NA,NA
"s0","may_04","plot 6","p","dagl",8,41,NA,NA,NA,NA,NA,NA
"s0","may_04","plot 6","p","dagl",8,40,NA,NA,NA,NA,NA,NA
"s0","may_04","plot 3","p","dagl",3,33,NA,NA,NA,NA,0,NA
"s0","may_04","plot 6","p","fear",50,65,NA,NA,NA,NA,0,NA
"s0","may_04","plot 6","p","fear",50,59,NA,NA,NA,NA,0,NA
"s0","may_04","plot 6","p","fear",50,55,NA,NA,NA,NA,0,NA
"s0","may_04","plot 3","p","fear",3,54,NA,NA,NA,NA,NA,NA
"s0","may_04","plot 6","p","fear",50,49,NA,NA,NA,NA,0,NA
"s0","may_04","plot 6","p","fear",50,47,NA,NA,NA,NA,0,NA
"s0","may_04","plot 6","p","fear",50,44,NA,NA,NA,NA,0,NA
"s0","may_04","plot 10","p","fear",40,43,NA,NA,NA,NA,NA,NA
"s0","may_04","plot 6","p","fear",50,41,NA,NA,NA,NA,0,NA
"s0","may_04","plot 6","p","fear",50,41,NA,NA,NA,NA,0,NA
"s0","may_04","plot 10","p","fear",40,40,NA,NA,NA,NA,0,NA
"s0","may_04","plot 10","p","fear",40,40,NA,NA,NA,NA,0,NA
"s0","may_04","plot 10","p","fear",40,40,NA,NA,NA,NA,NA,NA
"s0","may_04","plot 6","p","fear",50,39,NA,NA,NA,NA,0,NA
"s0","may_04","plot 6","p","fear",50,39,NA,NA,NA,NA,0,NA
"s0","may_04","plot 10","p","fear",40,38,NA,NA,NA,NA,0,NA
"s0","may_04","plot 10","p","fear",40,38,NA,NA,NA,NA,0,NA
"s0","may_04","plot 10","p","fear",40,37,NA,NA,NA,NA,0,NA
"s0","may_04","plot 10","p","fear",40,37,NA,NA,NA,NA,0,NA
"s0","may_04","plot 10","p","fear",40,36,NA,NA,NA,NA,0,NA
"s0","may_04","plot 10","p","fear",40,36,NA,NA,NA,NA,0,NA
"s0","may_04","plot 10","p","fear",40,36,NA,NA,NA,NA,NA,NA
"s0","may_04","plot 10","p","fear",40,35,NA,NA,NA,NA,0,NA
"s0","may_04","plot 10","p","fear",40,34,NA,NA,NA,NA,0,NA
"s0","may_04","plot 10","p","fear",40,34,NA,NA,NA,NA,0,NA
"s0","may_04","plot 10","p","fear",40,34,NA,NA,NA,NA,NA,NA
"s0","may_04","plot 6","p","fear",50,34,NA,NA,NA,NA,0,NA
"s0","may_04","plot 10","p","fear",40,33,NA,NA,NA,NA,0,NA
"s0","may_04","plot 6","p","fear",50,31,NA,NA,NA,NA,0,NA
"s0","may_04","plot 10","p","fear",40,29,NA,NA,NA,NA,0,NA
"s0","may_04","plot 10","p","fear",40,29,NA,NA,NA,NA,NA,NA
"s0","may_04","plot 3","p","gedi",3,33,NA,NA,NA,NA,NA,NA
"s0","may_04","plot 3","p","gedi",3,24,NA,NA,NA,NA,NA,NA
"s0","may_04","plot 6","p","gedi",8,17,NA,NA,NA,NA,NA,NA
"s0","may_04","plot 6","p","gedi",8,16,NA,NA,NA,NA,NA,NA
"s0","may_04","plot 6","p","gedi",8,15,NA,NA,NA,NA,NA,NA
"s0","may_04","plot 6","p","gedi",8,10,NA,NA,NA,NA,NA,NA
"s0","may_04","plot 15","p","gemo",0.5,13,NA,NA,NA,NA,NA,NA
"s0","may_04","plot 15","p","gemo",0.5,6,NA,NA,NA,NA,NA,NA
"s0","may_04","plot 3","p","mear",6,30,NA,NA,NA,NA,NA,NA
"s0","may_04","plot 3","p","mear",6,30,NA,NA,NA,NA,NA,NA
"s0","may_04","plot 10","p","mear",5,23,NA,NA,NA,NA,NA,NA
"s0","may_04","plot 3","p","mear",6,23,NA,NA,NA,NA,NA,NA
"s0","may_04","plot 6","p","mear",3,23,NA,NA,NA,NA,NA,NA
"s0","may_04","plot 10","p","mear",5,22,NA,NA,NA,NA,NA,NA
"s0","may_04","plot 6","p","mear",3,22,NA,NA,NA,NA,NA,NA
"s0","may_04","plot 10","p","mear",5,20,NA,NA,NA,NA,NA,NA
"s0","may_04","plot 10","p","mear",5,18,NA,NA,NA,NA,NA,NA
"s0","may_04","plot 3","p","mepo",3,35,NA,NA,NA,NA,NA,NA
"s0","may_04","plot 3","p","mepo",3,22,NA,NA,NA,NA,NA,NA
"s0","may_04","plot 10","p","ni cardo",10,36,NA,NA,NA,NA,NA,NA
"s0","may_04","plot 3","p","poan",1,61,NA,NA,NA,NA,NA,NA
"s0","may_04","plot 6","p","pore",8,44,NA,NA,NA,NA,NA,NA
"s0","may_04","plot 10","p","pore",8,30,NA,NA,NA,NA,NA,NA
"s0","may_04","plot 3","p","pore",4,24,NA,NA,NA,NA,0,NA
"s0","may_04","plot 3","p","pore",4,21,NA,NA,NA,NA,0,NA
"s0","may_04","plot 10","p","pore",8,18,NA,NA,NA,NA,NA,NA
"s0","may_04","plot 10","p","pore",8,16,NA,NA,NA,NA,NA,NA
"s0","may_04","plot 6","p","pore",8,16,NA,NA,NA,NA,NA,NA
"s0","may_04","plot 6","p","pore",8,15,NA,NA,NA,NA,NA,NA
"s0","may_04","plot 10","p","pore",8,14,NA,NA,NA,NA,NA,NA
"s0","may_04","plot 6","p","pore",8,12,NA,NA,NA,NA,NA,NA
"s0","may_04","plot 3","p","pore",4,7,NA,NA,NA,NA,0,NA
"s0","may_04","plot 3","p","rapa",5,29,NA,NA,NA,NA,NA,NA
"s0","may_04","plot 3","p","rapa",5,24,NA,NA,NA,NA,NA,NA
"s0","may_04","plot 3","p","rapa",5,21,NA,NA,NA,NA,NA,NA
"s0","may_04","plot 10","p","rapa",3,20,NA,NA,NA,NA,NA,NA
"s0","may_04","plot 6","p","rapa",15,20,NA,NA,NA,NA,NA,NA
"s0","may_04","plot 10","p","rapa",3,17,NA,NA,NA,NA,NA,NA
"s0","may_04","plot 6","p","rapa",15,16,NA,NA,NA,NA,NA,NA
"s0","may_04","plot 6","p","rapa",15,15,NA,NA,NA,NA,NA,NA
"s0","may_04","plot 6","p","rapa",15,14,NA,NA,NA,NA,NA,NA
"s0","may_04","plot 6","p","rapa",15,14,NA,NA,NA,NA,NA,NA
"s0","may_04","plot 6","p","rapa",15,13,NA,NA,NA,NA,NA,NA
"s0","may_04","plot 15","p","rapa",0.1,9,NA,NA,NA,NA,0,NA
"s0","may_04","plot 15","p","rapa",0.1,9,NA,NA,NA,NA,0,NA
"s0","may_04","plot 6","p","rapa",15,8,NA,NA,NA,NA,NA,NA
"s0","may_04","plot 3","p","shar",8,33,NA,NA,NA,NA,NA,NA
"s0","may_04","plot 3","p","shar",8,29,NA,NA,NA,NA,NA,NA
"s0","may_04","plot 15","p","shar",0.2,27,NA,NA,NA,NA,NA,NA
"s0","may_04","plot 3","p","shar",8,26,NA,NA,NA,NA,NA,NA
"s0","may_04","plot 3","p","shar",8,26,NA,NA,NA,NA,NA,NA
"s0","may_04","plot 6","p","shar",6,23,NA,NA,NA,NA,NA,NA
"s0","may_04","plot 3","p","shar",8,22,NA,NA,NA,NA,NA,NA
"s0","may_04","plot 6","p","shar",6,22,NA,NA,NA,NA,NA,NA
"s0","may_04","plot 6","p","shar",6,19,NA,NA,NA,NA,NA,NA
"s0","may_04","plot 6","p","shar",6,16,NA,NA,NA,NA,NA,NA
"s0","may_04","plot 15","p","shar",0.2,14,NA,NA,NA,NA,NA,NA
"s0","may_04","plot 15","p","shar",0.2,12,NA,NA,NA,NA,NA,NA
"s0","may_04","plot 15","p","shar",0.2,9,NA,NA,NA,NA,NA,NA
"s0","may_04","plot 3","p","tono",10,43,NA,NA,NA,NA,NA,NA
"s0","may_04","plot 10","p","tono",10,36,NA,NA,NA,NA,NA,NA
"s0","may_04","plot 3","p","tono",10,34,NA,NA,NA,NA,NA,NA
"s0","may_04","plot 3","p","tono",10,29,NA,NA,NA,NA,NA,NA
"s0","may_04","plot 3","p","tono",10,28,NA,NA,NA,NA,NA,NA
"s0","may_04","plot 3","p","tono",10,25,NA,NA,NA,NA,NA,NA
"s0","may_04","plot 10","p","tono",10,23,NA,NA,NA,NA,NA,NA
"s0","may_04","plot 10","p","tono",10,23,NA,NA,NA,NA,NA,NA
"s0","may_04","plot 10","p","tono",10,22,NA,NA,NA,NA,NA,NA
"s0","may_04","plot 10","p","tono",10,20,NA,NA,NA,NA,NA,NA
"s0","may_04","plot 10","p","tono",10,20,NA,NA,NA,NA,NA,NA
"s0","may_04","plot 3","p","tono",10,20,NA,NA,NA,NA,NA,NA
"s0","may_04","plot 10","p","tono",10,19,NA,NA,NA,NA,NA,NA
"s0","may_04","plot 6","p","tono",2,19,NA,NA,NA,NA,NA,NA
"s0","may_04","plot 6","p","tono",2,17,NA,NA,NA,NA,NA,NA
"s0","may_04","plot 3","p","tr",10,30,NA,NA,NA,NA,NA,NA
"s0","may_04","plot 3","p","tr",10,25,NA,NA,NA,NA,NA,NA
"s0","may_04","plot 3","p","tr",10,25,NA,NA,NA,NA,NA,NA
"s0","may_04","plot 3","p","tr",10,22,NA,NA,NA,NA,NA,NA
"s0","may_04","plot 3","p","tr",10,16,NA,NA,NA,NA,NA,NA
"s0","may_04","plot 6","p","trdu",1,24,NA,NA,NA,NA,NA,NA
"s0","may_04","plot 15","p","trre",2,23,NA,NA,NA,NA,NA,NA
"s0","may_04","plot 15","p","trre",2,19,NA,NA,NA,NA,NA,NA
"s0","may_04","plot 15","p","trre",2,19,NA,NA,NA,NA,NA,NA
"s0","may_04","plot 15","p","trre",2,17,NA,NA,NA,NA,NA,NA
"s0","may_04","plot 15","p","trre",2,17,NA,NA,NA,NA,NA,NA
"s0","may_04","plot 6","p","vepe",1,26,NA,NA,NA,NA,NA,NA
"s0","may_04","plot 6","p","vepe",1,12,NA,NA,NA,NA,NA,NA
"s0","may_04","plot 3","p","visa",1,55,NA,NA,NA,NA,NA,NA
"s0","may_04","plot 10","p","visa",15,44,NA,NA,NA,NA,NA,NA
"s0","may_04","plot 10","p","visa",15,40,NA,NA,NA,NA,NA,NA
"s0","may_04","plot 10","p","visa",15,39,NA,NA,NA,NA,NA,NA
"s0","may_04","plot 10","p","visa",15,36,NA,NA,NA,NA,NA,NA
"s0","may_04","plot 6","p","visa",10,34,NA,NA,NA,NA,0,NA
"s0","may_04","plot 10","p","visa",15,33,NA,NA,NA,NA,NA,NA
"s0","may_04","plot 10","p","visa",15,31,NA,NA,NA,NA,NA,NA
"s0","may_04","plot 6","p","visa",10,29,NA,NA,NA,NA,0,NA
"s0","may_04","plot 6","p","visa",10,29,NA,NA,NA,NA,0,NA
"s0","may_04","plot 6","p","visa",10,27,NA,NA,NA,NA,0,NA
"s0","may_04","plot 10","p","visa",15,26,NA,NA,NA,NA,NA,NA
"s0","may_04","plot 6","p","visa",10,25,NA,NA,NA,NA,0,NA
"s0","may_04","plot 6","p","visa",10,25,NA,NA,NA,NA,0,NA
"s0","may_04","plot 10","p","visa",15,24,NA,NA,NA,NA,NA,NA
"s10","oct_16","plot 3","p","pore",10,113,2.9,NA,3.2,NA,NA,NA
"s10","oct_16","plot 6","p","pore",25,106,1.5,NA,2.4,NA,NA,NA
"s10","oct_16","plot 6","p","pore",25,90,4,NA,2.6,NA,NA,NA
"s10","oct_16","plot 6","p","pore",25,87,2,NA,1.7,NA,NA,NA
"s10","oct_16","plot 15","p","am",45,85,33,NA,120,NA,0,NA
"s10","oct_16","plot 3","p","ch",20,63,NA,0.82,7.5,NA,NA,NA
"s10","oct_16","plot 3","p","pore",10,57,1.9,NA,1.1,NA,NA,NA
"s10","oct_16","plot 10","p","pore",8,53,1.6,NA,NA,0.09,NA,NA
"s10","oct_16","plot 6","p","pore",25,52,2,NA,1.2,NA,NA,NA
"s10","oct_16","plot 3","p","ch",20,49.5,NA,0.5,6,NA,NA,NA
"s10","oct_16","plot 6","p","fear",12,47,33.5,NA,14,NA,0,NA
"s10","oct_16","plot 3","p","ch",20,42,NA,0.26,NA,0.22,NA,NA
"s10","oct_16","plot 15","p","melu",5,41,1.6,NA,2.1,NA,NA,NA
"s10","oct_16","plot 3","p","ch",20,41,NA,0.4,NA,0.36,NA,NA
"s10","oct_16","plot 3","p","trfr",8,39,5.5,NA,2.1,NA,NA,NA
"s10","oct_16","plot 15","p","coar",10,36,1,NA,1.5,NA,NA,NA
"s10","oct_16","plot 6","p","melu",3,32.5,NA,0.15,NA,0.09,0,NA
"s10","oct_16","plot 15","p","mean",10,30.5,3.2,NA,10.4,NA,NA,NA
"s10","oct_16","plot 6","p","mear",8,30,NA,0.31,2.6,NA,NA,NA
"s10","oct_16","plot 10","p","coar",10,29,1.7,NA,2,NA,NA,NA
"s10","oct_16","plot 10","p","pore",8,28,2,NA,1,NA,NA,NA
"s10","oct_16","plot 3","p","trfr",8,27.5,NA,0.11,NA,0.22,NA,NA
"s10","oct_16","plot 3","p","coar",6,27,1.4,NA,1.3,NA,NA,NA
"s10","oct_16","plot 3","p","elre",4,27,2.1,NA,1.6,NA,NA,NA
"s10","oct_16","plot 15","p","melu",5,26,5.5,NA,1.7,NA,NA,NA
"s10","oct_16","plot 3","p","trfr",8,25.5,2.9,NA,2.4,NA,NA,NA
"s10","oct_16","plot 15","p","coar",10,24,1.5,NA,1.3,NA,NA,NA
"s10","oct_16","plot 15","p","veof",1,24,5.5,NA,2,NA,0,NA
"s10","oct_16","plot 3","p","ch",20,24,NA,0.21,2.2,NA,NA,NA
"s10","oct_16","plot 6","p","elre",20,24,3,NA,2.1,NA,NA,NA
"s10","oct_16","plot 3","p","lyar",4,23.5,2.6,NA,5.5,NA,0,NA
"s10","oct_16","plot 10","p","ch",3,23,NA,0.31,3.6,NA,NA,NA
"s10","oct_16","plot 10","p","coar",10,23,NA,0.04,0.8,NA,NA,NA
"s10","oct_16","plot 10","p","elre",25,23,1.5,NA,1.6,NA,NA,NA
"s10","oct_16","plot 15","p","coar",10,23,1,NA,1.5,NA,NA,NA
"s10","oct_16","plot 3","p","coar",6,23,2.5,NA,2.5,NA,NA,NA
"s10","oct_16","plot 3","p","dagl",5,23,4,NA,3.1,NA,NA,NA
"s10","oct_16","plot 3","p","shar",4,22.5,3.2,NA,3.1,NA,NA,NA
"s10","oct_16","plot 10","p","elre",25,22,1.8,NA,1.8,NA,NA,NA
"s10","oct_16","plot 3","p","dagl",5,22,7.5,NA,4.4,NA,NA,NA
"s10","oct_16","plot 3","p","coar",6,21.5,1.7,NA,2.3,NA,NA,NA
"s10","oct_16","plot 3","p","veof",3,21.5,4.6,NA,3,NA,NA,NA
"s10","oct_16","plot 10","p","coar",10,21,NA,0.09,NA,0.03,NA,NA
"s10","oct_16","plot 10","p","elre",25,21,1.4,NA,1,NA,NA,NA
"s10","oct_16","plot 15","p","coar",10,21,1,NA,0.9,NA,NA,NA
"s10","oct_16","plot 15","p","mean",10,21,2.5,NA,6.2,NA,NA,NA
"s10","oct_16","plot 15","p","mean",10,21,NA,0.34,2.5,NA,NA,NA
"s10","oct_16","plot 3","p","coar",6,21,1.5,NA,1.9,NA,NA,NA
"s10","oct_16","plot 3","p","coar",6,20.5,2.6,NA,2.2,NA,NA,NA
"s10","oct_16","plot 10","p","coar",10,20,0.9,NA,0.8,NA,NA,NA
"s10","oct_16","plot 3","p","trfr",8,20,4.4,NA,4.2,NA,NA,NA
"s10","oct_16","plot 10","p","elre",25,19.5,1.5,NA,1.2,NA,NA,NA
"s10","oct_16","plot 3","p","elre",4,19.5,1.4,NA,1.1,NA,NA,NA
"s10","oct_16","plot 10","p","lyar",6,19,3.9,NA,5.8,NA,0,NA
"s10","oct_16","plot 3","p","shar",4,19,2.1,NA,2.3,NA,NA,NA
"s10","oct_16","plot 6","p","ni_p6_1",8,19,19,NA,13,NA,0,NA
"s10","oct_16","plot 6","p","shar",6,19,3,NA,2.5,NA,NA,NA
"s10","oct_16","plot 10","p","elre",25,18.5,1.4,NA,1.3,NA,NA,NA
"s10","oct_16","plot 3","p","fear",5,18.5,2,NA,1.5,NA,NA,NA
"s10","oct_16","plot 3","p","trfr",8,18.5,3.2,NA,2.6,NA,NA,NA
"s10","oct_16","plot 3","p","elre",4,18,2,NA,1.5,NA,NA,NA
"s10","oct_16","plot 6","p","coar",4,18,1,NA,1.5,NA,NA,NA
"s10","oct_16","plot 6","p","elre",20,18,NA,0.06,NA,0.04,NA,NA
"s10","oct_16","plot 6","p","elre",20,18,NA,0.04,NA,0.04,NA,NA
"s10","oct_16","plot 6","p","elre",20,18,1.5,NA,1,NA,NA,NA
"s10","oct_16","plot 10","p","mean",6,17.5,3.2,NA,2.3,NA,NA,NA
"s10","oct_16","plot 10","p","veof",2,17,3,NA,2,NA,NA,NA
"s10","oct_16","plot 6","p","elre",20,17,2,NA,1.5,NA,NA,NA
"s10","oct_16","plot 10","p","mean",6,16,1.5,NA,2.4,NA,NA,NA
"s10","oct_16","plot 15","p","shar",8,16,5,NA,6.5,NA,NA,NA
"s10","oct_16","plot 6","p","shar",6,16,1.5,NA,1.1,NA,NA,NA
"s10","oct_16","plot 15","p","coar",10,15,0.8,NA,0.6,NA,NA,NA
"s10","oct_16","plot 3","p","gedi",2,15,NA,0.14,NA,0.01,NA,NA
"s10","oct_16","plot 3","p","elre",4,14,1.6,NA,1.5,NA,NA,NA
"s10","oct_16","plot 6","p","coar",4,14,3,NA,2.5,NA,NA,NA
"s10","oct_16","plot 6","p","coar",4,14,0.8,NA,0.9,NA,NA,NA
"s10","oct_16","plot 6","p","veof",1,14,NA,0.15,0.8,NA,NA,NA
"s10","oct_16","plot 10","p","coar",10,13.5,NA,0.05,NA,0.02,NA,NA
"s10","oct_16","plot 3","p","ni_p3_3",2,13.5,NA,0.09,NA,0.06,NA,NA
"s10","oct_16","plot 10","p","ni_p10_5",7,13,18,NA,21,NA,0,NA
"s10","oct_16","plot 10","p","ni_p10_6",7,13,3.8,NA,5.5,NA,0,NA
"s10","oct_16","plot 15","p","shar",8,13,3.5,NA,3.6,NA,NA,NA
"s10","oct_16","plot 15","p","shar",8,13,2,NA,1.6,NA,NA,NA
"s10","oct_16","plot 10","p","pore",8,12,1.7,NA,2,NA,NA,NA
"s10","oct_16","plot 15","p","mear",5,12,1.5,NA,0.6,NA,NA,NA
"s10","oct_16","plot 3","p","fear",5,12,4,NA,2.9,NA,NA,NA
"s10","oct_16","plot 6","p","mear",8,12,NA,0.15,0.7,NA,NA,NA
"s10","oct_16","plot 3","p","ni_p3_3",2,11.5,1.6,NA,1.3,NA,NA,NA
"s10","oct_16","plot 3","p","shar",4,11.5,1.3,NA,1.8,NA,NA,NA
"s10","oct_16","plot 10","p","ch",3,11,NA,0.06,2.9,NA,NA,NA
"s10","oct_16","plot 3","p","plla",3,11,2.4,NA,2.6,NA,NA,NA
"s10","oct_16","plot 10","p","mear",5,10,2,NA,2.4,NA,NA,NA
"s10","oct_16","plot 15","p","mear",5,10,1,NA,1.1,NA,NA,NA
"s10","oct_16","plot 3","p","ni_p3_3",2,10,2,NA,2,NA,NA,NA
"s10","oct_16","plot 6","p","coar",4,10,NA,0.04,NA,0.04,NA,NA
"s10","oct_16","plot 6","p","pore",25,10,1.5,NA,2.5,NA,NA,NA
"s10","oct_16","plot 15","p","ni_p15_5",1,9.5,2,NA,1.2,NA,0,NA
"s10","oct_16","plot 3","p","plla",3,9.5,3.7,NA,4,NA,NA,NA
"s10","oct_16","plot 15","p","ni_p15_4",4,9,2,NA,1.3,NA,NA,NA
"s10","oct_16","plot 3","p","ni_p3_2",1,9,2.4,NA,2.4,NA,0,NA
"s10","oct_16","plot 3","p","ni_p3_3",2,9,NA,0.02,NA,0.07,NA,NA
"s10","oct_16","plot 6","p","coar",4,9,NA,0.05,NA,0.06,NA,NA
"s10","oct_16","plot 6","p","ni_p6_2",2,9,2,NA,2.5,NA,0,"asteracea como una bellis con pinchos"
"s10","oct_16","plot 3","p","mear",1,8.5,NA,0.33,NA,0.16,NA,NA
"s10","oct_16","plot 10","p","gedi",5,8,NA,0.16,NA,0.02,NA,NA
"s10","oct_16","plot 3","p","shar",4,8,1.6,NA,1.6,NA,NA,NA
"s10","oct_16","plot 6","p","mear",8,8,NA,0.12,NA,0.04,NA,NA
"s10","oct_16","plot 6","p","mear",8,8,NA,0.03,NA,0.07,NA,NA
"s10","oct_16","plot 10","p","lyar",6,7.5,NA,0.08,NA,0.1,0,NA
"s10","oct_16","plot 10","p","mear",5,7.5,1.6,NA,0.7,NA,NA,NA
"s10","oct_16","plot 15","p","ni_p15_4",4,7.5,1.5,NA,1,NA,NA,NA
"s10","oct_16","plot 10","p","gedi",5,7,NA,0.2,NA,0.01,NA,NA
"s10","oct_16","plot 10","p","ni_p10_2",2,7,3.2,NA,2.6,NA,0,NA
"s10","oct_16","plot 3","p","fear",5,7,1.6,NA,1.4,NA,NA,NA
"s10","oct_16","plot 3","p","gedi",2,7,NA,0.02,NA,0.03,NA,NA
"s10","oct_16","plot 6","p","gedi",1,7,0.9,NA,0.7,NA,NA,NA
"s10","oct_16","plot 6","p","trre",1,7,1.4,NA,0.9,NA,0,NA
"s10","oct_16","plot 15","p","mean",10,6.5,2.2,NA,4.1,NA,NA,NA
"s10","oct_16","plot 15","p","ni_p15_4",4,6.5,1.8,NA,1,NA,NA,NA
"s10","oct_16","plot 3","p","mear",1,6.5,NA,0.22,NA,0.3,NA,NA
"s10","oct_16","plot 10","p","pore",8,6,1.4,NA,1.6,NA,NA,NA
"s10","oct_16","plot 15","p","ni_p15_4",4,6,1.5,NA,1.5,NA,NA,NA
"s10","oct_16","plot 6","p","shar",6,6,NA,0.04,NA,0.02,NA,NA
"s10","oct_16","plot 10","p","to",1,5.5,NA,0.1,NA,0.02,NA,NA
"s10","oct_16","plot 15","p","ni_p15_4",4,5.5,2.5,NA,1.5,NA,NA,NA
"s10","oct_16","plot 3","p","gedi",2,5.5,NA,0.01,NA,0.01,NA,NA
"s10","oct_16","plot 6","p","gedi",1,5.5,0.7,NA,0.6,NA,NA,NA
"s10","oct_16","plot 10","p","gedi",5,5,NA,0.19,NA,0,NA,NA
"s10","oct_16","plot 10","p","mear",5,5,NA,0.1,NA,0.04,NA,NA
"s10","oct_16","plot 10","p","pore",8,5,NA,0.19,NA,0.02,NA,NA
"s10","oct_16","plot 15","p","shar",8,5,NA,0.07,NA,0.02,NA,NA
"s10","oct_16","plot 15","p","vepe",2,5,NA,0.05,0.7,NA,NA,NA
"s10","oct_16","plot 6","p","gedi",1,5,NA,0.1,NA,0.02,NA,NA
"s10","oct_16","plot 10","p","gedi",5,4.5,NA,0.1,NA,0.05,NA,NA
"s10","oct_16","plot 10","p","gedi",5,4,NA,0.2,NA,0.06,NA,NA
"s10","oct_16","plot 10","p","mean",6,4,NA,0.1,NA,0.07,NA,NA
"s10","oct_16","plot 10","p","vepe",3,4,NA,0.03,NA,0.02,NA,NA
"s10","oct_16","plot 10","p","vepe",3,4,NA,0.08,NA,0.05,NA,NA
"s10","oct_16","plot 6","p","mear",8,4,NA,0.06,NA,0.05,NA,NA
"s10","oct_16","plot 6","p","vepe",1,4,NA,0.03,NA,0.03,NA,NA
"s10","oct_16","plot 10","p","to",1,3.5,NA,0,NA,0.01,NA,NA
"s10","oct_16","plot 10","p","to",1,3.5,NA,0.01,NA,0,NA,NA
"s10","oct_16","plot 15","p","vepe",2,3.5,NA,0.09,NA,0.03,NA,NA
"s10","oct_16","plot 15","p","vepe",2,3.5,NA,0.05,NA,0.04,NA,NA
"s10","oct_16","plot 3","p","to",1,3.5,NA,0,NA,0.02,NA,NA
"s10","oct_16","plot 3","p","vepe",3,3.5,NA,0.05,NA,0.02,NA,NA
"s10","oct_16","plot 10","p","bepe",1,3,0.6,NA,0.7,NA,0,NA
"s10","oct_16","plot 10","p","ni_p10_7",1,3,0.7,NA,0.6,NA,0,NA
"s10","oct_16","plot 10","p","to",1,3,NA,0.01,NA,0.01,NA,NA
"s10","oct_16","plot 10","p","vepe",3,3,NA,0,NA,0.03,NA,NA
"s10","oct_16","plot 15","p","shar",8,3,NA,0.04,NA,0.02,NA,NA
"s10","oct_16","plot 15","p","vepe",2,3,NA,0.05,NA,0.05,NA,NA
"s10","oct_16","plot 3","p","gedi",2,3,NA,0.09,NA,0.03,NA,NA
"s10","oct_16","plot 3","p","gedi",2,3,NA,0.01,NA,0.02,NA,NA
"s10","oct_16","plot 3","p","pore",10,3,1.7,NA,NA,0.01,NA,NA
"s10","oct_16","plot 3","p","vepe",3,3,NA,0.08,NA,0.04,NA,NA
"s10","oct_16","plot 6","p","gedi",1,3,NA,0.05,NA,0.02,NA,NA
"s10","oct_16","plot 6","p","shar",6,3,NA,0,NA,0.01,NA,NA
"s10","oct_16","plot 6","p","vepe",1,3,NA,0.02,NA,0.02,NA,NA
"s10","oct_16","plot 15","p","vepe",2,2.5,NA,0.06,NA,0.06,NA,NA
"s10","oct_16","plot 3","p","to",1,2.5,NA,0,NA,0,NA,NA
"s10","oct_16","plot 6","p","vepe",1,2.5,NA,0.01,NA,0.01,NA,NA
"s10","oct_16","plot 6","p","vepe",1,2.5,NA,0.02,NA,0.01,NA,NA
"s10","oct_16","plot 10","p","to",1,2,NA,0,NA,0.01,NA,NA
"s10","oct_16","plot 10","p","vepe",3,2,NA,0.03,NA,0.01,NA,NA
"s10","oct_16","plot 10","p","vepe",3,2,NA,0.04,NA,0,NA,NA
"s10","oct_16","plot 3","p","to",1,2,NA,0,NA,0,NA,NA
"s10","oct_16","plot 6","p","gedi",1,2,0.9,NA,0.6,NA,NA,NA
"s10","oct_16","plot 6","p","to",0.5,2,NA,0.01,NA,0,0,NA
"s10","oct_16","plot 6","p","vepe",1,2,NA,0.04,NA,0.05,NA,NA
"s10","oct_16","plot 3","p","vepe",3,1,NA,0.01,NA,0,NA,NA
"s10","oct_16","plot 6","p","shar",6,1,NA,0,NA,0.01,NA,NA
"s10","oct_16","plot 3","p","vepe",3,0.5,NA,0.01,NA,0,NA,NA
"s11","nov_13","plot 3","p","pore",10,122,4,NA,3.5,NA,NA,NA
"s11","nov_13","plot 6","p","pore",16,98.5,1.4,NA,1.6,NA,NA,NA
"s11","nov_13","plot 6","p","pore",16,91,3.6,NA,2,NA,NA,NA
"s11","nov_13","plot 3","p","pore",10,59,2.4,NA,NA,0.09,NA,NA
"s11","nov_13","plot 10","p","pore",4,54,1.5,NA,NA,0.05,NA,NA
"s11","nov_13","plot 6","p","fear",14,45,44,NA,10.5,NA,NA,NA
"s11","nov_13","plot 3","p","trfr",8,44,3,NA,2.4,NA,NA,NA
"s11","nov_13","plot 3","p","trfr",8,42,3.1,NA,2.5,NA,NA,NA
"s11","nov_13","plot 15","p","melu",8,41,3.3,NA,2.5,NA,NA,NA
"s11","nov_13","plot 6","p","melu",2,39,5,NA,1.6,NA,NA,NA
"s11","nov_13","plot 6","p","mear",14,35,NA,0.33,4.9,NA,NA,NA
"s11","nov_13","plot 15","p","melu",8,33,4.2,NA,2.7,NA,NA,NA
"s11","nov_13","plot 15","p","coar",2,32,NA,0.09,NA,0.09,NA,NA
"s11","nov_13","plot 3","p","trfr",8,28,3.5,NA,3,NA,NA,NA
"s11","nov_13","plot 6","p","elre",15,28,3,NA,3.5,NA,NA,NA
"s11","nov_13","plot 10","p","ni_p10_5",8,27,24,NA,20,NA,NA,NA
"s11","nov_13","plot 10","p","elre",18,26,3.8,NA,4,NA,NA,NA
"s11","nov_13","plot 10","p","elre",18,26,1.5,NA,1.6,NA,NA,NA
"s11","nov_13","plot 10","p","pore",4,26,2,NA,1.2,NA,NA,NA
"s11","nov_13","plot 6","p","coar",1,25,NA,0.07,NA,0.06,NA,NA
"s11","nov_13","plot 6","p","ni_p6_1",7,24,26,NA,22,NA,NA,NA
"s11","nov_13","plot 10","p","lyar",10,23,8.5,NA,13,NA,NA,NA
"s11","nov_13","plot 15","p","coar",2,23,1.5,NA,1,NA,NA,NA
"s11","nov_13","plot 3","p","ni_p3_2",4,23,NA,0.05,3,NA,NA,NA
"s11","nov_13","plot 3","p","lyar",5,23,1.5,NA,6,NA,NA,NA
"s11","nov_13","plot 3","p","shar",6,23,4,NA,4,NA,NA,NA
"s11","nov_13","plot 3","p","trfr",8,22,NA,0.5,1,NA,NA,NA
"s11","nov_13","plot 3","p","trfr",8,22,NA,0.14,NA,0.15,NA,NA
"s11","nov_13","plot 3","p","dagl",5,21,9,NA,7,NA,NA,NA
"s11","nov_13","plot 6","p","elre",15,21,1.4,NA,1.2,NA,NA,NA
"s11","nov_13","plot 6","p","elre",15,21,1.5,NA,1.8,NA,NA,NA
"s11","nov_13","plot 15","p","coar",2,20,1.3,NA,0.8,NA,NA,NA
"s11","nov_13","plot 3","p","elre",5,20,3,NA,1.5,NA,NA,NA
"s11","nov_13","plot 3","p","shar",6,20,2,NA,3,NA,NA,NA
"s11","nov_13","plot 6","p","shar",8,19.5,2.5,NA,2.3,NA,NA,NA
"s11","nov_13","plot 15","p","mean",10,19,1.8,NA,2.3,NA,NA,NA
"s11","nov_13","plot 6","p","elre",15,19,1,NA,1,NA,NA,NA
"s11","nov_13","plot 10","p","elre",18,18,2.5,NA,2.6,NA,NA,NA
"s11","nov_13","plot 10","p","elre",18,18,2.1,NA,2.5,NA,NA,NA
"s11","nov_13","plot 3","p","dagl",5,18,7,NA,4,NA,NA,NA
"s11","nov_13","plot 6","p","veof",1,18,1.6,NA,1.5,NA,NA,NA
"s11","nov_13","plot 10","p","mean",5,17.5,2.6,NA,4.7,NA,NA,NA
"s11","nov_13","plot 6","p","shar",8,17.5,1.7,NA,3.2,NA,NA,NA
"s11","nov_13","plot 10","p","mean",5,17,2,NA,2.5,NA,NA,NA
"s11","nov_13","plot 10","p","elre",18,16,1.4,NA,1.7,NA,NA,NA
"s11","nov_13","plot 15","p","mear",8,16,5.5,NA,3.2,NA,NA,NA
"s11","nov_13","plot 15","p","shar",6,16,5.4,NA,4.8,NA,NA,NA
"s11","nov_13","plot 3","p","fear",6,16,2,NA,1.5,NA,NA,NA
"s11","nov_13","plot 6","p","coar",1,16,NA,0.09,NA,0.04,NA,NA
"s11","nov_13","plot 6","p","elre",15,15.5,1.6,NA,1.4,NA,NA,NA
"s11","nov_13","plot 10","p","ni_p10_6",8,15,10,NA,12.5,NA,NA,NA
"s11","nov_13","plot 15","p","shar",6,15,4.5,NA,4.3,NA,NA,NA
"s11","nov_13","plot 3","p","ni_p3_3",6,15,2.6,NA,1,NA,NA,NA
"s11","nov_13","plot 3","p","fear",6,15,6,NA,3.2,NA,NA,NA
"s11","nov_13","plot 3","p","elre",5,15,1.2,NA,1.3,NA,NA,NA
"s11","nov_13","plot 15","p","ni_p15_4",10,14,2,NA,1.8,NA,NA,NA
"s11","nov_13","plot 15","p","ni_p15_4",10,14,1.7,NA,1.6,NA,NA,NA
"s11","nov_13","plot 3","p","elre",5,14,1.1,NA,1,NA,NA,NA
"s11","nov_13","plot 10","p","mear",5,13,4,NA,3.8,NA,NA,NA
"s11","nov_13","plot 15","p","veof",2,13,3.5,NA,3.3,NA,NA,NA
"s11","nov_13","plot 3","p","fear",6,13,2.5,NA,2,NA,NA,NA
"s11","nov_13","plot 3","p","elre",5,13,1,NA,0.9,NA,NA,NA
"s11","nov_13","plot 6","p","mear",14,13,1.1,NA,1.2,NA,NA,NA
"s11","nov_13","plot 6","p","visa",5,13,NA,0.06,0.8,NA,NA,NA
"s11","nov_13","plot 15","p","mear",8,12,4,NA,2.7,NA,NA,NA
"s11","nov_13","plot 15","p","melu",8,12,1.8,NA,1,NA,NA,NA
"s11","nov_13","plot 6","p","veof",1,12,1.3,NA,1.4,NA,NA,NA
"s11","nov_13","plot 6","p","visa",5,11.5,NA,0.1,1.5,NA,NA,NA
"s11","nov_13","plot 15","p","ni_p15_4",10,11,1.8,NA,1.5,NA,NA,NA
"s11","nov_13","plot 15","p","coar",2,11,NA,0.11,NA,0.08,NA,NA
"s11","nov_13","plot 15","p","coar",2,11,NA,0.09,NA,0.06,NA,NA
"s11","nov_13","plot 15","p","mean",10,11,2.7,NA,3,NA,NA,NA
"s11","nov_13","plot 3","p","plla",6,11,5,NA,3.3,NA,NA,NA
"s11","nov_13","plot 6","p","pore",16,11,1.3,NA,1.7,NA,NA,NA
"s11","nov_13","plot 10","p","ni_p10_2",3,10,6.2,NA,7.5,NA,NA,NA
"s11","nov_13","plot 10","p","vepe",4,10,1.7,NA,2.4,NA,NA,NA
"s11","nov_13","plot 10","p","vepe",4,10,1.2,NA,1.7,NA,NA,NA
"s11","nov_13","plot 15","p","mear",8,10,5.5,NA,3.1,NA,NA,NA
"s11","nov_13","plot 15","p","melu",8,10,6,NA,1.5,NA,NA,NA
"s11","nov_13","plot 15","p","ni_p15_4",10,10,1.7,NA,1,NA,NA,NA
"s11","nov_13","plot 3","p","ni_p3_3",6,10,2,NA,1.5,NA,NA,NA
"s11","nov_13","plot 3","p","elre",5,10,1,NA,1,NA,NA,NA
"s11","nov_13","plot 6","p","pore",16,10,1.2,NA,1.1,NA,NA,NA
"s11","nov_13","plot 6","p","ni_p6_2",5,10,2.8,NA,5.5,NA,NA,"asteracea como una bellis con pinchos"
"s11","nov_13","plot 3","p","plla",6,9.5,5,NA,4,NA,NA,NA
"s11","nov_13","plot 10","p","gedi",9,9,NA,0.29,NA,0.16,NA,NA
"s11","nov_13","plot 10","p","vepe",4,9,1.7,NA,2.1,NA,NA,NA
"s11","nov_13","plot 15","p","shar",6,9,3.7,NA,1.2,NA,NA,NA
"s11","nov_13","plot 15","p","ni_p15_4",10,9,2.1,NA,1.8,NA,NA,NA
"s11","nov_13","plot 15","p","ni_p15_5",3,9,2.7,NA,1.8,NA,NA,NA
"s11","nov_13","plot 3","p","pore",10,9,1.8,NA,1.5,NA,NA,NA
"s11","nov_13","plot 3","p","ni_p3_3",6,9,4,NA,2.6,NA,NA,NA
"s11","nov_13","plot 6","p","shar",8,9,1.2,NA,1.9,NA,NA,NA
"s11","nov_13","plot 6","p","visa",5,9,0.9,NA,1.1,NA,NA,NA
"s11","nov_13","plot 10","p","veof",1,8.5,1.5,NA,1.8,NA,NA,NA
"s11","nov_13","plot 10","p","mean",5,8,NA,0.15,NA,0.07,NA,NA
"s11","nov_13","plot 15","p","vepe",5,8,1,NA,1.8,NA,NA,NA
"s11","nov_13","plot 3","p","pore",10,8,1.3,NA,NA,0.11,NA,NA
"s11","nov_13","plot 3","p","melu",3,8,1.5,NA,1.5,NA,NA,NA
"s11","nov_13","plot 3","p","shar",6,8,NA,0.05,NA,0.02,NA,NA
"s11","nov_13","plot 6","p","gedi",10,8,1.1,NA,1.2,NA,NA,NA
"s11","nov_13","plot 6","p","gedi",10,8,1.9,NA,1.4,NA,NA,NA
"s11","nov_13","plot 10","p","vepe",4,7.5,1.4,NA,2,NA,NA,NA
"s11","nov_13","plot 6","p","mear",14,7.5,1.7,NA,1.6,NA,NA,NA
"s11","nov_13","plot 6","p","gedi",10,7.5,2.3,NA,1.9,NA,NA,NA
"s11","nov_13","plot 6","p","trre",2,7.5,1.8,NA,1.2,NA,NA,NA
"s11","nov_13","plot 10","p","gedi",9,7,NA,0.26,NA,0.19,NA,NA
"s11","nov_13","plot 10","p","mear",5,7,2.7,NA,1.6,NA,NA,NA
"s11","nov_13","plot 10","p","pore",4,7,1.7,NA,2.5,NA,NA,NA
"s11","nov_13","plot 15","p","melu",8,7,5.2,NA,2.4,NA,NA,NA
"s11","nov_13","plot 15","p","plla",4,7,3.3,NA,3.4,NA,NA,NA
"s11","nov_13","plot 3","p","ni_p3_3",6,7,2.5,NA,1.5,NA,NA,NA
"s11","nov_13","plot 3","p","vepe",4,7,NA,0.08,NA,0.16,NA,NA
"s11","nov_13","plot 3","p","gedi",6,7,1,NA,0.6,NA,NA,NA
"s11","nov_13","plot 3","p","gedi",6,7,NA,0.14,0.9,NA,NA,NA
"s11","nov_13","plot 6","p","gedi",10,7,NA,0.41,1.9,NA,NA,NA
"s11","nov_13","plot 6","p","visa",5,7,NA,0.04,NA,0.12,NA,NA
"s11","nov_13","plot 6","p","asteraceae",1,7,2.8,NA,2.7,NA,NA,NA
"s11","nov_13","plot 6","p","vepe",3,7,NA,0.05,NA,0.13,NA,NA
"s11","nov_13","plot 6","p","plla",1,7,1.2,NA,1.7,NA,NA,NA
"s11","nov_13","plot 10","p","gedi",9,6.5,NA,0.29,NA,0.18,NA,NA
"s11","nov_13","plot 10","p","vepe",4,6.5,1,NA,1.4,NA,NA,NA
"s11","nov_13","plot 15","p","plla",4,6.5,2.2,NA,2.1,NA,NA,NA
"s11","nov_13","plot 6","p","gedi",10,6.5,1.7,NA,1.6,NA,NA,NA
"s11","nov_13","plot 6","p","bepe",1,6.5,1.5,NA,1.8,NA,NA,NA
"s11","nov_13","plot 10","p","ni_p10_7",3,6,2,NA,2.3,NA,NA,NA
"s11","nov_13","plot 10","p","pore",4,6,1.2,NA,1.6,NA,NA,NA
"s11","nov_13","plot 10","p","kisp",1,6,1.6,NA,2.1,NA,NA,NA
"s11","nov_13","plot 15","p","vepe",5,6,1.8,NA,1.4,NA,NA,NA
"s11","nov_13","plot 15","p","shar",6,6,1.5,NA,1,NA,NA,NA
"s11","nov_13","plot 15","p","plla",4,6,2.3,NA,1.8,NA,NA,NA
"s11","nov_13","plot 15","p","plla",4,6,3,NA,2.4,NA,NA,NA
"s11","nov_13","plot 15","p","plla",4,6,2.7,NA,1.8,NA,NA,NA
"s11","nov_13","plot 15","p","ni_p15_5",3,6,2.5,NA,2,NA,NA,NA
"s11","nov_13","plot 15","p","visa",2,6,NA,0.04,NA,0.03,NA,NA
"s11","nov_13","plot 3","p","ni_p3_3",6,6,2,NA,1.1,NA,NA,NA
"s11","nov_13","plot 3","p","asteraceae",7,6,4,NA,3,NA,NA,NA
"s11","nov_13","plot 6","p","mear",14,6,NA,0.06,NA,0.08,NA,NA
"s11","nov_13","plot 6","p","pore",16,6,NA,0.12,NA,0.15,NA,NA
"s11","nov_13","plot 6","p","vepe",3,6,1.4,NA,2,NA,NA,NA
"s11","nov_13","plot 15","p","vepe",5,5.5,1.4,NA,1.5,NA,NA,NA
"s11","nov_13","plot 15","p","shar",6,5.5,1.8,NA,1.5,NA,NA,NA
"s11","nov_13","plot 6","p","mear",14,5.5,1.1,NA,NA,0.12,NA,NA
"s11","nov_13","plot 6","p","veof",1,5.5,1.3,NA,2.1,NA,NA,NA
"s11","nov_13","plot 10","p","plla",1,5,1.3,NA,0.7,NA,NA,NA
"s11","nov_13","plot 10","p","to",3,5,1.6,NA,1.7,NA,NA,NA
"s11","nov_13","plot 10","p","plla",1,5,0.9,NA,0.9,NA,NA,NA
"s11","nov_13","plot 10","p","asteraceae",0.5,5,0.8,NA,1,NA,NA,NA
"s11","nov_13","plot 15","p","vepe",5,5,2,NA,2.3,NA,NA,NA
"s11","nov_13","plot 3","p","vepe",4,5,NA,0.05,NA,0.05,NA,NA
"s11","nov_13","plot 3","p","shar",6,5,0.6,NA,0.6,NA,NA,NA
"s11","nov_13","plot 6","p","vepe",3,5,1,NA,1.9,NA,NA,NA
"s11","nov_13","plot 6","p","vepe",3,5,NA,0.02,NA,0.05,NA,NA
"s11","nov_13","plot 6","p","ni_p6_2",5,5,2.2,NA,2.2,NA,NA,"asteracea como una bellis con pinchos"
"s11","nov_13","plot 6","p","bepe",1,5,0.6,NA,0.6,NA,NA,NA
"s11","nov_13","plot 10","p","gedi",9,4.5,NA,0.24,NA,0.09,NA,NA
"s11","nov_13","plot 10","p","to",3,4.5,NA,0.14,NA,0.06,NA,NA
"s11","nov_13","plot 15","p","vepe",5,4.5,1,NA,1.5,NA,NA,NA
"s11","nov_13","plot 6","p","shar",8,4.5,NA,0.07,NA,0.08,NA,NA
"s11","nov_13","plot 10","p","pore",4,4,0.8,NA,0.8,NA,NA,NA
"s11","nov_13","plot 10","p","shar",0.5,4,NA,0.04,NA,0.02,NA,NA
"s11","nov_13","plot 10","p","ni_p10_9",0.5,4,1.8,NA,2,NA,NA,NA
"s11","nov_13","plot 3","p","shar",6,4,NA,0.01,NA,0.01,NA,NA
"s11","nov_13","plot 3","p","gedi",6,4,NA,0.1,NA,0.07,NA,NA
"s11","nov_13","plot 3","p","gedi",6,4,0.6,NA,0.6,NA,NA,NA
"s11","nov_13","plot 3","p","to",4,4,NA,0.09,NA,0.05,NA,NA
"s11","nov_13","plot 6","p","vepe",3,4,NA,0.03,NA,0.06,NA,NA
"s11","nov_13","plot 6","p","ni_p6_4",1,4,0.6,NA,0.6,NA,NA,"con menos pinchos parecido a ni_p6_2"
"s11","nov_13","plot 6","p","to",1,4,NA,0,NA,0.01,NA,NA
"s11","nov_13","plot 6","p","to",1,4,NA,0.01,NA,0,NA,NA
"s11","nov_13","plot 10","p","to",3,3.5,NA,0.16,NA,0.08,NA,NA
"s11","nov_13","plot 15","p","mean",10,3.5,5,NA,7.2,NA,NA,NA
"s11","nov_13","plot 6","p","shar",8,3.5,NA,0.04,NA,0.01,NA,NA
"s11","nov_13","plot 6","p","ni_p6_4",1,3.5,0.6,NA,0.6,NA,NA,"con menos pinchos parecido a ni_p6_2"
"s11","nov_13","plot 6","p","bepe",1,3.5,0.6,NA,0.6,NA,NA,NA
"s11","nov_13","plot 10","p","gedi",9,3,NA,0.19,NA,0.07,NA,NA
"s11","nov_13","plot 10","p","ni_p10_8",1,3,NA,0.09,0.6,NA,NA,NA
"s11","nov_13","plot 10","p","to",3,3,NA,0.2,NA,0.04,NA,NA
"s11","nov_13","plot 10","p","to",3,3,NA,0.27,NA,0.04,NA,NA
"s11","nov_13","plot 10","p","ni_p10_9",0.5,3,0.9,NA,0.9,NA,NA,NA
"s11","nov_13","plot 10","p","bepe",1,3,0.8,NA,0.8,NA,NA,NA
"s11","nov_13","plot 15","p","to",0.5,3,NA,0.01,NA,0.02,NA,NA
"s11","nov_13","plot 3","p","mear",3,3,NA,0.01,NA,0.01,NA,NA
"s11","nov_13","plot 3","p","vepe",4,3,NA,0.16,NA,0.06,NA,NA
"s11","nov_13","plot 3","p","vepe",4,3,NA,0.03,NA,0.04,NA,NA
"s11","nov_13","plot 3","p","vepe",4,3,NA,0.08,NA,0.06,NA,NA
"s11","nov_13","plot 3","p","to",4,3,NA,0.09,NA,0.1,NA,NA
"s11","nov_13","plot 3","p","to",4,3,NA,0.12,NA,0.05,NA,NA
"s11","nov_13","plot 3","p","asteraceae",7,3,2,NA,1.5,NA,NA,NA
"s11","nov_13","plot 3","p","asteraceae",7,3,2,NA,1.4,NA,NA,NA
"s11","nov_13","plot 3","p","asteraceae",7,3,2.4,NA,1.8,NA,NA,NA
"s11","nov_13","plot 10","p","veof",1,2.5,0.8,NA,0.6,NA,NA,NA
"s11","nov_13","plot 15","p","mean",10,2.5,NA,0.11,NA,0.05,NA,NA
"s11","nov_13","plot 3","p","mear",3,2.5,NA,0,NA,0.01,NA,NA
"s11","nov_13","plot 3","p","to",4,2.5,NA,0.06,NA,0.01,NA,NA
"s11","nov_13","plot 3","p","asteraceae",7,2.5,2,NA,1.6,NA,NA,NA
"s11","nov_13","plot 6","p","to",1,2.5,NA,0,NA,0,NA,NA
"s11","nov_13","plot 15","p","mean",10,2.2,3.2,NA,4.1,NA,NA,NA
"s11","nov_13","plot 3","p","pore",10,2,NA,0,NA,0.01,NA,NA
"s11","nov_13","plot 3","p","to",4,2,NA,0,NA,0,NA,NA
"s11","nov_13","plot 3","p","bepe",2,1.5,0.6,NA,0.6,NA,NA,NA
"s2","jun_14","plot 10","p","coar",1.2,11.5,NA,NA,NA,NA,NA,NA
"s2","jun_14","plot 10","p","coar",1.2,10,NA,NA,NA,NA,NA,NA
"s2","jun_14","plot 10","p","coar",1.2,9,NA,NA,NA,NA,NA,NA
"s2","jun_14","plot 3","p","coar",0.8,6.5,NA,NA,NA,NA,0,NA
"s2","jun_14","plot 3","p","dagl",1.5,17,NA,NA,NA,NA,NA,NA
"s2","jun_14","plot 3","p","dagl",1.5,10,NA,NA,NA,NA,NA,NA
"s2","jun_14","plot 3","p","dagl",1.5,8,NA,NA,NA,NA,NA,NA
"s2","jun_14","plot 6","p","elre",1,17,NA,NA,NA,NA,NA,NA
"s2","jun_14","plot 10","p","elre",1.5,16,NA,NA,NA,NA,2,NA
"s2","jun_14","plot 15","p","elre",1,15,NA,NA,NA,NA,NA,NA
"s2","jun_14","plot 6","p","elre",1,14,NA,NA,NA,NA,NA,NA
"s2","jun_14","plot 10","p","elre",1.5,13,NA,NA,NA,NA,2,NA
"s2","jun_14","plot 15","p","elre",1,10,NA,NA,NA,NA,NA,NA
"s2","jun_14","plot 10","p","elre",1.5,9,NA,NA,NA,NA,2,NA
"s2","jun_14","plot 15","p","elre",1,8,NA,NA,NA,NA,NA,NA
"s2","jun_14","plot 6","p","fear",1.5,20,NA,NA,NA,NA,NA,NA
"s2","jun_14","plot 6","p","fear",1.5,18,NA,NA,NA,NA,NA,NA
"s2","jun_14","plot 3","p","fear",1,15,NA,NA,NA,NA,NA,NA
"s2","jun_14","plot 3","p","fear",1,12,NA,NA,NA,NA,NA,NA
"s2","jun_14","plot 3","p","fear",1,7,NA,NA,NA,NA,NA,NA
"s2","jun_14","plot 6","p","pore",0.9,8,NA,NA,NA,NA,NA,NA
"s2","jun_14","plot 6","p","pore",0.9,7,NA,NA,NA,NA,NA,NA
"s2","jun_14","plot 3","p","pore",0.5,5,NA,NA,NA,NA,NA,NA
"s2","jun_14","plot 10","p","pore",0.7,4.5,NA,NA,NA,NA,NA,NA
"s2","jun_14","plot 6","p","pore",0.9,4,NA,NA,NA,NA,NA,NA
"s2","jun_14","plot 10","p","pore",0.7,3,NA,NA,NA,NA,NA,NA
"s2","jun_14","plot 3","p","pore",0.5,2,NA,NA,NA,NA,NA,NA
"s2","jun_14","plot 10","p","pore",0.7,1.5,NA,NA,NA,NA,NA,NA
"s2","jun_14","plot 3","p","trre",0.5,8,NA,NA,NA,NA,NA,NA
"s2","jun_14","plot 3","p","trre",0.5,8,NA,NA,NA,NA,NA,NA
"s2","jun_14","plot 3","p","trre",0.5,6.5,NA,NA,NA,NA,NA,NA
"s2","jun_14","plot 3","p","trre",0.5,3.5,NA,NA,NA,NA,NA,NA
"s3","jun_28","plot 10","p","gedi",1,NA,NA,NA,NA,NA,NA,"sampling without allometric measurements if abundance was <5"
"s3","jun_28","plot 10","p","shar",1,NA,NA,NA,NA,NA,NA,"sampling without allometric measurements if abundance was <5"
"s3","jun_28","plot 15","p","brst",4,NA,NA,NA,NA,NA,1,"sampling without allometric measurements if abundance was <5"
"s3","jun_28","plot 6","p","mear",1,NA,NA,NA,NA,NA,NA,"sampling without allometric measurements if abundance was <5"
"s3","jun_28","plot 6","p","pore",15,60,6,NA,3,NA,NA,NA
"s3","jun_28","plot 10","p","coar",10,59,3,NA,2.5,NA,NA,NA
"s3","jun_28","plot 10","p","coar",10,50,2.8,NA,1.9,NA,NA,NA
"s3","jun_28","plot 6","p","pore",15,48,2.8,NA,2.1,NA,NA,NA
"s3","jun_28","plot 6","p","fear",15,44,18,NA,10,NA,0,NA
"s3","jun_28","plot 10","p","pore",8,42,2.7,NA,0.8,NA,NA,NA
"s3","jun_28","plot 6","p","pore",15,41,3,NA,0.8,NA,NA,NA
"s3","jun_28","plot 3","p","pore",6,39,3,NA,1.3,NA,0,NA
"s3","jun_28","plot 6","p","fear",15,36,4.5,NA,3,NA,0,NA
"s3","jun_28","plot 6","p","elre",7,34.5,2,NA,1,NA,NA,NA
"s3","jun_28","plot 15","p","elre",3,34,NA,0.12,NA,0.11,NA,NA
"s3","jun_28","plot 6","p","pore",15,32,2.5,NA,1,NA,NA,NA
"s3","jun_28","plot 10","p","elre",12,31,1.4,NA,1.7,NA,NA,NA
"s3","jun_28","plot 6","p","pore",15,31,2.5,NA,1,NA,NA,NA
"s3","jun_28","plot 10","p","elre",12,30,1.4,NA,1.6,NA,NA,NA
"s3","jun_28","plot 10","p","coar",10,29,2,NA,1.4,NA,NA,NA
"s3","jun_28","plot 10","p","coar",10,29,4.8,NA,2.9,NA,NA,NA
"s3","jun_28","plot 10","p","elre",12,29,2.4,NA,2.1,NA,NA,NA
"s3","jun_28","plot 15","p","elre",3,28,NA,0.12,NA,0.07,NA,NA
"s3","jun_28","plot 3","p","pore",6,28,2.1,NA,2.1,NA,0,NA
"s3","jun_28","plot 6","p","elre",7,28,1.8,NA,1.5,NA,NA,NA
"s3","jun_28","plot 6","p","elre",7,27,1.1,NA,1.5,NA,NA,NA
"s3","jun_28","plot 10","p","pore",8,26.5,2,NA,1.6,NA,NA,NA
"s3","jun_28","plot 6","p","elre",7,26,1.5,NA,1.5,NA,NA,NA
"s3","jun_28","plot 3","p","ni_brasicacea_flores_amarillas",1,25,2.5,NA,7.5,NA,2,NA
"s3","jun_28","plot 6","p","elre",7,25,2.5,NA,2.2,NA,NA,NA
"s3","jun_28","plot 15","p","elre",3,24,1.6,NA,1.5,NA,NA,NA
"s3","jun_28","plot 15","p","elre",3,24,NA,0.1,NA,0.03,NA,NA
"s3","jun_28","plot 15","p","elre",3,24,NA,0.12,NA,0.05,NA,NA
"s3","jun_28","plot 3","p","dagl",3,24,11,NA,3.9,NA,NA,NA
"s3","jun_28","plot 3","p","elre",4,24,1.9,NA,1.2,NA,0,NA
"s3","jun_28","plot 6","p","coar",2,23.5,1.8,NA,0.8,NA,NA,NA
"s3","jun_28","plot 3","p","elre",4,23,2.2,NA,2.1,NA,0,NA
"s3","jun_28","plot 3","p","elre",4,23,1.5,NA,1.2,NA,0,NA
"s3","jun_28","plot 10","p","coar",10,21,3.4,NA,1,NA,NA,NA
"s3","jun_28","plot 10","p","pore",8,21,2.2,NA,1.4,NA,NA,NA
"s3","jun_28","plot 10","p","elre",12,20,1.6,NA,1.7,NA,NA,NA
"s3","jun_28","plot 3","p","coar",2,18.5,4,NA,3.5,NA,NA,NA
"s3","jun_28","plot 3","p","fear",1,18,7.8,NA,2.8,NA,NA,NA
"s3","jun_28","plot 10","p","elre",12,16,1.7,NA,1.6,NA,NA,NA
"s3","jun_28","plot 15","p","elre",3,16,0.9,NA,1.2,NA,NA,NA
"s3","jun_28","plot 15","p","elre",3,16,NA,0.07,NA,0.04,NA,NA
"s3","jun_28","plot 3","p","elre",4,16,NA,0.04,NA,0.01,0,NA
"s3","jun_28","plot 10","p","plla",2,15,3,NA,3.9,NA,NA,NA
"s3","jun_28","plot 3","p","coar",2,15,3.1,NA,2.7,NA,NA,NA
"s3","jun_28","plot 3","p","pore",6,15,2.5,NA,1.6,NA,0,NA
"s3","jun_28","plot 10","p","pore",8,13,2.5,NA,3,NA,NA,NA
"s3","jun_28","plot 3","p","elre",4,12,1.9,NA,2,NA,0,NA
"s3","jun_28","plot 3","p","trfr",3,12,NA,0.14,4.5,NA,2,NA
"s3","jun_28","plot 10","p","pore",8,10,2.5,NA,2.4,NA,NA,NA
"s3","jun_28","plot 3","p","plla",2,10,5.5,NA,6,NA,0,NA
"s3","jun_28","plot 3","p","ch",4,9.5,NA,0.13,2.6,NA,NA,NA
"s3","jun_28","plot 3","p","ch",4,9,NA,0.09,2,NA,NA,NA
"s3","jun_28","plot 3","p","trfr",3,9,3.5,NA,3,NA,2,NA
"s3","jun_28","plot 3","p","pore",6,8.5,3.2,NA,0.9,NA,0,NA
"s3","jun_28","plot 6","p","shar",6,8.5,1.4,NA,1.2,NA,0,NA
"s3","jun_28","plot 10","p","vepe",1,8,1.5,NA,1.9,NA,NA,NA
"s3","jun_28","plot 6","p","shar",6,8,2,NA,1.2,NA,0,NA
"s3","jun_28","plot 3","p","ch",4,7.5,NA,0.07,2.2,NA,NA,NA
"s3","jun_28","plot 6","p","shar",6,7.5,105,NA,1.3,NA,0,NA
"s3","jun_28","plot 15","p","am",1,7,1.8,NA,1.6,NA,1,NA
"s3","jun_28","plot 3","p","trfr",3,7,2,NA,2.5,NA,2,NA
"s3","jun_28","plot 6","p","shar",6,7,1.5,NA,1.5,NA,0,NA
"s3","jun_28","plot 6","p","shar",6,7,1.5,NA,1,NA,0,NA
"s3","jun_28","plot 3","p","ch",4,6,NA,0.03,1.4,NA,NA,NA
"s3","jun_28","plot 3","p","trfr",3,6,6.5,NA,2.6,NA,2,NA
"s3","jun_28","plot 10","p","vepe",1,5.5,1.8,NA,1.5,NA,NA,NA
"s3","jun_28","plot 3","p","shar",2,5.5,1.3,NA,1.5,NA,NA,NA
"s3","jun_28","plot 3","p","trfr",3,5.5,2.6,NA,2,NA,2,NA
"s3","jun_28","plot 3","p","kisp",1,5,2.8,NA,4,NA,0,NA
"s3","jun_28","plot 3","p","lyar",2,5,2.6,NA,3.2,NA,0,NA
"s3","jun_28","plot 3","p","shar",2,5,1.3,NA,1.5,NA,NA,NA
"s3","jun_28","plot 10","p","vepe",1,4,NA,1.5,NA,0.06,NA,NA
"s3","jun_28","plot 15","p","mean",1,4,1.5,NA,1.8,NA,NA,NA
"s3","jun_28","plot 3","p","shar",2,3.5,0.8,NA,1.2,NA,NA,NA
"s3","jun_28","plot 3","p","ch",4,3,NA,0.03,1,NA,NA,NA
"s3","jun_28","plot 3","p","shar",2,3,0.9,NA,0.8,NA,NA,NA
"s3","jun_28","plot 3","p","shar",2,3,0.8,NA,0.6,NA,NA,NA
"s4","jul_11","plot 6","p","pore",18,58,9.5,NA,2.5,NA,0,NA
"s4","jul_11","plot 6","p","fear",12,54,37.5,NA,8.5,NA,NA,NA
"s4","jul_11","plot 10","p","elre",15,52,1.5,NA,1.3,NA,NA,NA
"s4","jul_11","plot 3","p","pore",8,49,3.5,NA,0.9,NA,0,NA
"s4","jul_11","plot 15","p","fear",3,19,1.1,NA,1,NA,NA,NA
"s4","jul_11","plot 6","p","pore",18,44,2.4,NA,NA,0.11,0,NA
"s4","jul_11","plot 10","p","coar",10,42,2.2,NA,2.9,NA,0,NA
"s4","jul_11","plot 6","p","pore",18,42,2.3,NA,1.5,NA,0,NA
"s4","jul_11","plot 10","p","coar",10,41,1.7,NA,1.6,NA,0,NA
"s4","jul_11","plot 3","p","pore",8,38.5,2.1,NA,1,NA,0,NA
"s4","jul_11","plot 10","p","pore",9,34.5,2,NA,1.7,NA,NA,NA
"s4","jul_11","plot 10","p","pore",9,34,0.5,NA,NA,0.09,NA,NA
"s4","jul_11","plot 6","p","pore",18,33,3.5,NA,2.4,NA,0,NA
"s4","jul_11","plot 6","p","pore",18,31.5,1.8,NA,1,NA,0,NA
"s4","jul_11","plot 10","p","elre",15,30,2,NA,1.6,NA,NA,NA
"s4","jul_11","plot 6","p","elre",11,29.5,2,NA,2.3,NA,0,NA
"s4","jul_11","plot 10","p","elre",15,29,1.2,NA,1,NA,NA,NA
"s4","jul_11","plot 10","p","coar",10,26,1.5,NA,NA,0.12,0,NA
"s4","jul_11","plot 3","p","dagl",6,26,11.4,NA,4.5,NA,NA,NA
"s4","jul_11","plot 15","p","brst",3,25,NA,0.1,NA,0.03,0,NA
"s4","jul_11","plot 10","p","coar",10,24,2,NA,1.9,NA,0,NA
"s4","jul_11","plot 6","p","elre",11,24,5.5,NA,2,NA,0,NA
"s4","jul_11","plot 6","p","elre",11,24,2,NA,1.8,NA,0,NA
"s4","jul_11","plot 10","p","pore",9,22.5,1.5,NA,1,NA,NA,NA
"s4","jul_11","plot 3","p","plla",2,22,7.9,NA,0.7,NA,0,NA
"s4","jul_11","plot 3","p","pore",8,22,1.5,NA,1.7,NA,0,NA
"s4","jul_11","plot 3","p","ch",17,20,NA,0.2,3,NA,NA,NA
"s4","jul_11","plot 3","p","elre",6,20,1.1,NA,1.4,NA,0,NA
"s4","jul_11","plot 6","p","elre",11,20,2.6,NA,2.6,NA,0,NA
"s4","jul_11","plot 15","p","am",4,19,2.2,NA,3.4,NA,NA,NA
"s4","jul_11","plot 3","p","elre",6,19,2.2,NA,1.9,NA,0,NA
"s4","jul_11","plot 3","p","fear",7,18.5,7,NA,3.9,NA,NA,NA
"s4","jul_11","plot 10","p","elre",15,18,1,NA,0.9,NA,NA,NA
"s4","jul_11","plot 3","p","pore",8,18,2.6,NA,1.8,NA,0,NA
"s4","jul_11","plot 3","p","elre",6,17.5,1.4,NA,1.4,NA,0,NA
"s4","jul_11","plot 15","p","elre",2,17,1.3,NA,1.5,NA,NA,NA
"s4","jul_11","plot 3","p","coar",2,17,2.8,NA,2.5,NA,0,NA
"s4","jul_11","plot 3","p","pore",8,17,1.5,NA,1.7,NA,0,NA
"s4","jul_11","plot 6","p","elre",11,17,1.5,NA,1.5,NA,0,NA
"s4","jul_11","plot 10","p","elre",15,16,1.5,NA,1,NA,NA,NA
"s4","jul_11","plot 3","p","ch",17,16,NA,0.19,2.6,NA,NA,NA
"s4","jul_11","plot 6","p","coar",6,15,1.5,NA,1.2,NA,NA,NA
"s4","jul_11","plot 6","p","shar",6,15,NA,0.19,2,NA,NA,NA
"s4","jul_11","plot 3","p","elre",6,14.5,1.3,NA,1.6,NA,0,NA
"s4","jul_11","plot 3","p","fear",7,14,3.2,NA,3.6,NA,NA,NA
"s4","jul_11","plot 3","p","kisp",5,14,3.8,NA,4.5,NA,NA,NA
"s4","jul_11","plot 3","p","plla",2,14,2.7,NA,2.9,NA,0,NA
"s4","jul_11","plot 6","p","coar",6,14,NA,0.25,NA,0.06,NA,NA
"s4","jul_11","plot 10","p","pore",9,13.5,2,NA,2.4,NA,NA,NA
"s4","jul_11","plot 3","p","ch",17,13.5,NA,0.09,1.5,NA,NA,NA
"s4","jul_11","plot 3","p","elre",6,13.5,2.5,NA,2.5,NA,0,NA
"s4","jul_11","plot 15","p","brst",3,13,1.8,NA,1.6,NA,0,NA
"s4","jul_11","plot 3","p","coar",2,12.5,2.6,NA,2.1,NA,0,NA
"s4","jul_11","plot 3","p","lyar",2,12.5,2.2,NA,3.2,NA,NA,NA
"s4","jul_11","plot 10","p","coar",10,12,2.5,NA,1,NA,0,NA
"s4","jul_11","plot 15","p","dagl",2,11.5,1.5,NA,1,NA,0,NA
"s4","jul_11","plot 3","p","trfr",12,11.5,6,NA,3.6,NA,NA,NA
"s4","jul_11","plot 3","p","fear",7,11,2.4,NA,1.6,NA,NA,NA
"s4","jul_11","plot 3","p","trfr",12,11,3.7,NA,2.5,NA,NA,NA
"s4","jul_11","plot 15","p","dagl",2,10,0.4,NA,0.6,NA,0,NA
"s4","jul_11","plot 3","p","ch",17,10,NA,0.07,2.5,NA,NA,NA
"s4","jul_11","plot 6","p","shar",6,10,NA,0.17,1,NA,NA,NA
"s4","jul_11","plot 6","p","shar",6,10,NA,0.11,1.5,NA,NA,NA
"s4","jul_11","plot 10","p","vepe",3,9.5,NA,0.11,NA,0.13,0,NA
"s4","jul_11","plot 3","p","ch",17,9.5,NA,0.04,2.1,NA,NA,NA
"s4","jul_11","plot 3","p","trfr",12,9,5.9,NA,4.4,NA,NA,NA
"s4","jul_11","plot 6","p","shar",6,9,NA,0.2,NA,0.11,NA,NA
"s4","jul_11","plot 6","p","shar",6,9,NA,0.13,2.5,NA,NA,NA
"s4","jul_11","plot 3","p","shar",7,8.5,2.3,NA,1.5,NA,NA,NA
"s4","jul_11","plot 10","p","he",1,8,2.7,NA,3.2,NA,NA,NA
"s4","jul_11","plot 15","p","shar",1,8,1.9,NA,NA,0.06,NA,NA
"s4","jul_11","plot 3","p","trfr",12,8,3.7,NA,2.5,NA,NA,NA
"s4","jul_11","plot 3","p","trfr",12,8,NA,0.26,2.5,NA,NA,NA
"s4","jul_11","plot 6","p","coar",6,8,NA,0.19,NA,0.11,NA,NA
"s4","jul_11","plot 10","p","mean",1,7.5,NA,0.3,NA,0.1,NA,NA
"s4","jul_11","plot 6","p","asteraceae",1,7.5,2.5,NA,1.6,NA,NA,NA
"s4","jul_11","plot 10","p","pore",9,7,1,NA,1.2,NA,NA,NA
"s4","jul_11","plot 10","p","vepe",3,7,0.7,NA,0.9,NA,0,NA
"s4","jul_11","plot 3","p","shar",7,7,1.5,NA,1.4,NA,NA,NA
"s4","jul_11","plot 3","p","shar",7,7,0.07,NA,2.5,NA,NA,NA
"s4","jul_11","plot 10","p","shar",4,6.5,1,NA,0.5,NA,NA,NA
"s4","jul_11","plot 15","p","mean",3,6.4,1.8,NA,1.7,NA,NA,NA
"s4","jul_11","plot 10","p","vepe",3,6,1,NA,1.8,NA,0,NA
"s4","jul_11","plot 15","p","me",1,6,2.1,NA,1.8,NA,0,NA
"s4","jul_11","plot 15","p","plla",1,6,3.6,NA,2.8,NA,0,NA
"s4","jul_11","plot 15","p","plla",1,6,2,NA,1.6,NA,0,NA
"s4","jul_11","plot 15","p","vepe",2,6,3.4,NA,2.8,NA,NA,NA
"s4","jul_11","plot 3","p","shar",7,5.5,1.6,NA,1.8,NA,NA,NA
"s4","jul_11","plot 3","p","shar",7,5.5,2,NA,2.1,NA,NA,NA
"s4","jul_11","plot 6","p","mear",1,5.5,1.5,NA,0.8,NA,NA,NA
"s4","jul_11","plot 10","p","shar",4,5,NA,0.17,2,NA,NA,NA
"s4","jul_11","plot 10","p","shar",4,5,NA,0.16,1.4,NA,NA,NA
"s4","jul_11","plot 15","p","shar",1,5,NA,0.03,NA,0.09,NA,NA
"s4","jul_11","plot 10","p","vepe",3,4.5,NA,0.13,0.6,NA,0,NA
"s4","jul_11","plot 3","p","coar",2,4.5,2.9,NA,2.5,NA,0,NA
"s4","jul_11","plot 6","p","mear",1,1.8,NA,0.13,NA,0.1,NA,NA
"s4","jul_11","plot 15","p","shar",1,1.5,NA,0.06,NA,0.07,NA,NA
"s5","jul_26","plot 6","p","fear",22,79,25,NA,2.2,NA,NA,NA
"s5","jul_26","plot 6","p","pore",22,77,6.6,NA,3,NA,0,NA
"s5","jul_26","plot 6","p","pore",22,75,2.7,NA,1.6,NA,0,NA
"s5","jul_26","plot 6","p","pore",22,75,3.2,NA,2,NA,0,NA
"s5","jul_26","plot 3","p","pore",8,64,4.3,NA,1.5,NA,NA,NA
"s5","jul_26","plot 6","p","pore",22,51,3.2,NA,1.5,NA,0,NA
"s5","jul_26","plot 3","p","pore",8,49,2.6,NA,1.6,NA,NA,NA
"s5","jul_26","plot 10","p","pore",12,43,1.9,NA,1.6,NA,0,NA
"s5","jul_26","plot 10","p","coar",15,42,2.4,NA,2.3,NA,NA,NA
"s5","jul_26","plot 10","p","coar",15,41,2,NA,2.8,NA,NA,NA
"s5","jul_26","plot 3","p","kisp",12,38,5.8,NA,8,NA,0,NA
"s5","jul_26","plot 3","p","ch",30,37,NA,0.55,10.5,NA,NA,NA
"s5","jul_26","plot 10","p","pore",12,35,2,NA,1.5,NA,0,NA
"s5","jul_26","plot 10","p","elre",25,34,1.2,NA,1.1,NA,NA,NA
"s5","jul_26","plot 15","p","am",25,34,5.2,NA,10.5,NA,NA,NA
"s5","jul_26","plot 10","p","pore",12,31,2.8,NA,1,NA,0,NA
"s5","jul_26","plot 3","p","ch",30,31,NA,0.6,15.5,NA,NA,NA
"s5","jul_26","plot 3","p","pore",8,29,1,NA,0.8,NA,NA,NA
"s5","jul_26","plot 10","p","pore",12,28,1.6,NA,0.7,NA,0,NA
"s5","jul_26","plot 6","p","pore",22,28,1.7,NA,1,NA,0,NA
"s5","jul_26","plot 10","p","elre",25,27.5,1.8,NA,2,NA,NA,NA
"s5","jul_26","plot 6","p","elre",30,26,1.8,NA,2.1,NA,NA,NA
"s5","jul_26","plot 10","p","elre",25,25.5,1.5,NA,1.3,NA,NA,NA
"s5","jul_26","plot 3","p","pore",8,25.5,2.6,NA,1.2,NA,NA,NA
"s5","jul_26","plot 3","p","lyar",6,25,3,NA,4.3,NA,NA,NA
"s5","jul_26","plot 3","p","plla",4,25,5,NA,1.8,NA,0,NA
"s5","jul_26","plot 3","p","pore",8,25,1.6,NA,1.3,NA,NA,NA
"s5","jul_26","plot 3","p","hyra",3,24,5.5,NA,0.9,NA,NA,NA
"s5","jul_26","plot 6","p","elre",30,23.5,2.5,NA,2.3,NA,NA,NA
"s5","jul_26","plot 3","p","ch",30,23,NA,0.3,3.9,NA,NA,NA
"s5","jul_26","plot 6","p","elre",30,23,1.3,NA,1.3,NA,NA,NA
"s5","jul_26","plot 6","p","shar",15,23,2.1,NA,2.6,NA,0,NA
"s5","jul_26","plot 15","p","melu",4,22.5,3.1,NA,1.1,NA,NA,NA
"s5","jul_26","plot 3","p","plla",4,22.5,9.5,NA,5.2,NA,0,NA
"s5","jul_26","plot 10","p","coar",15,22,1.7,NA,1.8,NA,NA,NA
"s5","jul_26","plot 3","p","coar",6,22,3.8,NA,3,NA,NA,NA
"s5","jul_26","plot 3","p","dagl",10,22,9.5,NA,7,NA,NA,NA
"s5","jul_26","plot 3","p","ch",30,21.5,NA,0.3,4,NA,NA,NA
"s5","jul_26","plot 3","p","elre",4,21.5,2.1,NA,2.3,NA,NA,NA
"s5","jul_26","plot 10","p","he",6,21,5,NA,4.5,NA,NA,NA
"s5","jul_26","plot 6","p","elre",30,21,1,NA,1.4,NA,NA,NA
"s5","jul_26","plot 10","p","elre",25,20.5,1.5,NA,1.3,NA,NA,NA
"s5","jul_26","plot 15","p","elre",6,20,1.1,NA,16,NA,NA,NA
"s5","jul_26","plot 3","p","elre",4,20,2.4,NA,1.3,NA,NA,NA
"s5","jul_26","plot 3","p","elre",4,20,1.9,NA,1.5,NA,NA,NA
"s5","jul_26","plot 6","p","cyec",1,20,NA,0.05,NA,0.2,NA,NA
"s5","jul_26","plot 6","p","elre",30,20,1.2,NA,1.1,NA,NA,NA
"s5","jul_26","plot 6","p","shar",15,19.5,3.4,NA,2,NA,0,NA
"s5","jul_26","plot 3","p","fear",2,18.5,2.8,NA,1.8,NA,NA,NA
"s5","jul_26","plot 15","p","mean",8,18,3.5,NA,4.1,NA,0,NA
"s5","jul_26","plot 3","p","fear",2,18,7.8,NA,4.4,NA,NA,NA
"s5","jul_26","plot 3","p","coar",6,17.5,1.6,NA,2.5,NA,NA,NA
"s5","jul_26","plot 3","p","dagl",10,17,2.5,NA,1.8,NA,NA,NA
"s5","jul_26","plot 3","p","trfr",25,17,6.2,NA,2.6,NA,NA,NA
"s5","jul_26","plot 10","p","coar",15,16,1.8,NA,1.9,NA,NA,NA
"s5","jul_26","plot 3","p","ch",30,16,NA,0.42,4,NA,NA,NA
"s5","jul_26","plot 6","p","cyec",1,16,NA,0.04,NA,0.2,NA,NA
"s5","jul_26","plot 3","p","elre",4,15,3,NA,2.5,NA,NA,NA
"s5","jul_26","plot 3","p","fear",2,15,3,NA,2.1,NA,NA,NA
"s5","jul_26","plot 6","p","coar",4,15,2.6,NA,2.4,NA,NA,NA
"s5","jul_26","plot 10","p","vepe",7,14.5,NA,0.04,NA,0.03,0,NA
"s5","jul_26","plot 3","p","elre",4,14.5,1.5,NA,1.2,NA,NA,NA
"s5","jul_26","plot 10","p","coar",15,14,0.8,NA,1.1,NA,NA,NA
"s5","jul_26","plot 3","p","trfr",25,14,8,NA,3.8,NA,NA,NA
"s5","jul_26","plot 10","p","elre",25,13,0.8,NA,1,NA,NA,NA
"s5","jul_26","plot 10","p","vepe",7,12.5,NA,0.05,1.6,NA,0,NA
"s5","jul_26","plot 15","p","ni_p15_4",4,12.5,NA,0.23,1,NA,1,NA
"s5","jul_26","plot 3","p","coar",6,12.5,2.5,NA,3,NA,NA,NA
"s5","jul_26","plot 3","p","fear",2,12.5,3.2,NA,1.9,NA,NA,NA
"s5","jul_26","plot 15","p","brho",1,12,1.6,NA,0.9,NA,NA,NA
"s5","jul_26","plot 15","p","shar",3,12,NA,0.6,1.6,NA,NA,NA
"s5","jul_26","plot 3","p","trfr",25,11.5,8,NA,2.9,NA,NA,NA
"s5","jul_26","plot 10","p","ch",2,11,NA,0.19,1.8,NA,0,NA
"s5","jul_26","plot 15","p","ni_p15_4",4,11,1.5,NA,1,NA,1,NA
"s5","jul_26","plot 3","p","shar",8,11,3,NA,3.3,NA,NA,NA
"s5","jul_26","plot 6","p","mear",2,11,2.9,NA,3.4,NA,NA,NA
"s5","jul_26","plot 3","p","trfr",25,10.5,NA,0.37,4.3,NA,NA,NA
"s5","jul_26","plot 6","p","coar",4,10.5,1,NA,0.9,NA,NA,NA
"s5","jul_26","plot 15","p","mean",8,10,1.1,NA,1.9,NA,0,NA
"s5","jul_26","plot 3","p","shar",8,10,3.1,NA,3.5,NA,NA,NA
"s5","jul_26","plot 3","p","trfr",25,10,NA,0.25,3.4,NA,NA,NA
"s5","jul_26","plot 6","p","shar",15,10,3.1,NA,3.8,NA,0,NA
"s5","jul_26","plot 10","p","ni_p10_5",1,9,7.5,NA,6,NA,NA,NA
"s5","jul_26","plot 15","p","ni_p15_4",4,9,NA,0.15,0.8,NA,1,NA
"s5","jul_26","plot 6","p","shar",15,9,2.9,NA,3.3,NA,0,NA
"s5","jul_26","plot 15","p","melu",4,8.5,2.3,NA,1.2,NA,NA,NA
"s5","jul_26","plot 10","p","shar",4,8,2.4,NA,2.7,NA,0,NA
"s5","jul_26","plot 3","p","shar",8,8,2.8,NA,3.5,NA,NA,NA
"s5","jul_26","plot 3","p","shar",8,8,2.3,NA,3,NA,NA,NA
"s5","jul_26","plot 6","p","ni_p6_1",3,8,4.3,NA,5.3,NA,NA,NA
"s5","jul_26","plot 10","p","mean",1,7.5,NA,0.13,1.5,NA,NA,NA
"s5","jul_26","plot 10","p","pore",12,7,2.3,NA,3.2,NA,0,NA
"s5","jul_26","plot 15","p","shar",3,7,NA,0.03,NA,0.05,NA,NA
"s5","jul_26","plot 10","p","libi",1,6.5,NA,0.01,NA,0.02,0,NA
"s5","jul_26","plot 6","p","shar",15,6.5,2,NA,1.6,NA,0,NA
"s5","jul_26","plot 10","p","mean",1,6,1.5,NA,1.2,NA,NA,NA
"s5","jul_26","plot 10","p","shar",4,6,1.4,NA,1.2,NA,0,NA
"s5","jul_26","plot 15","p","plla",1,6,NA,0.15,NA,0.15,0,NA
"s5","jul_26","plot 3","p","shar",8,6,2.9,NA,2.8,NA,NA,NA
"s5","jul_26","plot 6","p","coar",4,6,2.7,NA,2,NA,NA,NA
"s5","jul_26","plot 15","p","shar",3,5.5,NA,0.13,NA,0.09,NA,NA
"s5","jul_26","plot 3","p","ni_p3_3",1,5.5,1.8,NA,1.89,NA,NA,NA
"s5","jul_26","plot 10","p","veof",2,5,2.5,NA,2.9,NA,NA,NA
"s5","jul_26","plot 15","p","mean",8,5,NA,0.11,1.6,NA,0,NA
"s5","jul_26","plot 15","p","melu",4,5,NA,0.32,NA,0.11,NA,NA
"s5","jul_26","plot 15","p","shar",3,3.5,NA,0.17,1.4,NA,NA,NA
"s5","jul_26","plot 15","p","vepe",5,3.5,NA,0.11,1.5,NA,NA,NA
"s5","jul_26","plot 15","p","mear",0.5,3,NA,0.16,NA,0.04,0,NA
"s5","jul_26","plot 15","p","shar",3,3,NA,0.17,NA,0.11,NA,NA
"s6","aug_22","plot 6","p","pore",25,92.5,1.8,NA,1.5,NA,NA,NA
"s6","aug_22","plot 3","p","pore",8,85,5,NA,4.5,NA,0,NA
"s6","aug_22","plot 15","p","am",50,79,15,NA,98,NA,NA,NA
"s6","aug_22","plot 3","p","kisp",12,77,9,NA,8.5,NA,0,NA
"s6","aug_22","plot 3","p","ch",52,73,NA,0.76,36,NA,NA,NA
"s6","aug_22","plot 6","p","pore",25,70,3.5,NA,2.1,NA,NA,NA
"s6","aug_22","plot 15","p","melu",8,64,6.5,NA,1.6,NA,NA,NA
"s6","aug_22","plot 6","p","pore",25,59,1.1,NA,0.8,NA,NA,NA
"s6","aug_22","plot 3","p","ch",52,57,NA,0.34,2.4,NA,NA,NA
"s6","aug_22","plot 3","p","ch",52,50,NA,0.42,24,NA,NA,NA
"s6","aug_22","plot 6","p","pore",25,50,2,NA,1.5,NA,NA,NA
"s6","aug_22","plot 10","p","elre",30,47,1.5,NA,1.1,NA,0,NA
"s6","aug_22","plot 15","p","melu",8,46,4.8,NA,NA,0.1,NA,NA
"s6","aug_22","plot 3","p","ch",52,43.5,NA,0.28,1.5,NA,NA,NA
"s6","aug_22","plot 10","p","pore",15,41,1.1,NA,1.1,NA,NA,NA
"s6","aug_22","plot 3","p","ch",52,41,NA,0.35,NA,0.16,NA,NA
"s6","aug_22","plot 10","p","he",18,40,7,NA,22,NA,NA,NA
"s6","aug_22","plot 6","p","fear",15,38,27,NA,12.5,NA,NA,NA
"s6","aug_22","plot 15","p","melu",8,32,3.2,NA,1.3,NA,NA,NA
"s6","aug_22","plot 10","p","elre",30,31,1.5,NA,1.4,NA,0,NA
"s6","aug_22","plot 10","p","coar",12,30,1.6,NA,NA,0.05,NA,NA
"s6","aug_22","plot 15","p","mean",13,30,NA,0.65,7.8,NA,NA,NA
"s6","aug_22","plot 6","p","pore",25,29,1.5,NA,0.8,NA,NA,NA
"s6","aug_22","plot 10","p","elre",30,28,1.5,NA,1.1,NA,0,NA
"s6","aug_22","plot 3","p","lyar",3,28,3.5,NA,2.5,NA,0,NA
"s6","aug_22","plot 3","p","trfr",20,28,4,NA,3.5,NA,1,NA
"s6","aug_22","plot 10","p","pore",15,26,1.4,NA,1.5,NA,NA,NA
"s6","aug_22","plot 10","p","ch",3,24,NA,0.22,1.1,NA,NA,NA
"s6","aug_22","plot 10","p","coar",12,24,2.4,NA,2.3,NA,NA,NA
"s6","aug_22","plot 15","p","ni_p15_4",11,24,3,NA,2,NA,NA,NA
"s6","aug_22","plot 6","p","elre",10,24,1.1,NA,1,NA,NA,NA
"s6","aug_22","plot 10","p","elre",30,23,1,NA,0.9,NA,0,NA
"s6","aug_22","plot 10","p","elre",30,23,0.8,NA,0.9,NA,0,NA
"s6","aug_22","plot 10","p","pore",15,23,2.2,NA,NA,0.03,NA,NA
"s6","aug_22","plot 3","p","hyra",3,23,6,NA,2.3,NA,1,NA
"s6","aug_22","plot 3","p","plla",6,23,9,NA,3.5,NA,0,NA
"s6","aug_22","plot 3","p","trfr",20,23,8,NA,3.5,NA,1,NA
"s6","aug_22","plot 3","p","coar",6,22,3.5,NA,2,NA,NA,NA
"s6","aug_22","plot 10","p","pore",15,21,2.2,NA,NA,0.06,NA,NA
"s6","aug_22","plot 15","p","mean",13,21,NA,0.25,2.4,NA,NA,NA
"s6","aug_22","plot 6","p","shar",5,21,1.8,NA,1.5,NA,NA,NA
"s6","aug_22","plot 3","p","dagl",3,20,8.5,NA,4,NA,NA,NA
"s6","aug_22","plot 6","p","elre",10,20,2.5,NA,1.4,NA,NA,NA
"s6","aug_22","plot 6","p","elre",10,20,1.8,NA,0.9,NA,NA,NA
"s6","aug_22","plot 15","p","ni_p15_4",11,18.5,1.6,NA,1.2,NA,NA,NA
"s6","aug_22","plot 3","p","coar",6,18,2.5,NA,2,NA,NA,NA
"s6","aug_22","plot 3","p","shar",5,18,2.5,NA,3,NA,1,NA
"s6","aug_22","plot 15","p","mean",13,17.5,NA,0.5,4.4,NA,NA,NA
"s6","aug_22","plot 15","p","ni_p15_4",11,17.5,2.2,NA,1.5,NA,NA,NA
"s6","aug_22","plot 10","p","coar",12,17,NA,0.05,2,NA,NA,NA
"s6","aug_22","plot 15","p","plla",6,17,3.3,NA,1.9,NA,0,NA
"s6","aug_22","plot 3","p","coar",6,17,2,NA,1.2,NA,NA,NA
"s6","aug_22","plot 3","p","veof",2,17,1.1,NA,0.9,NA,NA,NA
"s6","aug_22","plot 6","p","elre",10,17,3.3,NA,1.8,NA,NA,NA
"s6","aug_22","plot 6","p","shar",5,17,1.2,NA,1,NA,NA,NA
"s6","aug_22","plot 6","p","shar",5,16,1.2,NA,0.9,NA,NA,NA
"s6","aug_22","plot 15","p","ni_p15_4",11,15,1.8,NA,2,NA,NA,NA
"s6","aug_22","plot 3","p","trfr",20,15,1.8,NA,2,NA,1,NA
"s6","aug_22","plot 15","p","coar",4,14,2.1,NA,1.1,NA,NA,NA
"s6","aug_22","plot 3","p","fear",3,14,2.3,NA,1.6,NA,0,NA
"s6","aug_22","plot 3","p","fear",3,14,5.5,NA,3.4,NA,0,NA
"s6","aug_22","plot 3","p","trfr",20,14,5.5,NA,3,NA,1,NA
"s6","aug_22","plot 6","p","coar",8,14,2.4,NA,1.8,NA,NA,NA
"s6","aug_22","plot 6","p","elre",10,13,2.8,NA,2,NA,NA,NA
"s6","aug_22","plot 15","p","coar",4,12,NA,0.13,NA,0.07,NA,NA
"s6","aug_22","plot 15","p","ni_p15_4",11,12,2.6,NA,2.4,NA,NA,NA
"s6","aug_22","plot 6","p","shar",5,12,NA,0.1,0.7,NA,NA,NA
"s6","aug_22","plot 6","p","shar",5,12,1.8,NA,2.6,NA,NA,NA
"s6","aug_22","plot 10","p","coar",12,11.5,0.8,NA,0.9,NA,NA,NA
"s6","aug_22","plot 3","p","trfr",20,11.5,2.8,NA,2,NA,1,NA
"s6","aug_22","plot 15","p","coar",4,11,1.8,NA,1.5,NA,NA,NA
"s6","aug_22","plot 3","p","coar",6,11,NA,0.1,1.4,NA,NA,NA
"s6","aug_22","plot 3","p","shar",5,11,3.2,NA,4.5,NA,1,NA
"s6","aug_22","plot 6","p","veof",2,11,1.2,NA,NA,0.09,NA,NA
"s6","aug_22","plot 15","p","veof",1,10,1.4,NA,1.4,NA,NA,NA
"s6","aug_22","plot 3","p","coar",6,10,2,NA,2.1,NA,NA,NA
"s6","aug_22","plot 10","p","ch",3,9,NA,0.05,1.3,NA,NA,NA
"s6","aug_22","plot 10","p","pore",15,9,0.5,NA,NA,0.05,NA,NA
"s6","aug_22","plot 10","p","coar",12,8,1.5,NA,1.5,NA,NA,NA
"s6","aug_22","plot 10","p","mean",2,8,1.8,NA,1,NA,1,NA
"s6","aug_22","plot 10","p","mean",2,8,1.4,NA,2,NA,1,NA
"s6","aug_22","plot 10","p","ni_p10_5",3,8,5.2,NA,5,NA,0,NA
"s6","aug_22","plot 15","p","mear",5,7,5,NA,3.1,NA,0,NA
"s6","aug_22","plot 15","p","plla",6,7,2.6,NA,2.4,NA,0,NA
"s6","aug_22","plot 6","p","coar",8,7,1.5,NA,1,NA,NA,NA
"s6","aug_22","plot 6","p","coar",8,7,NA,0.15,1,NA,NA,NA
"s6","aug_22","plot 6","p","ni_p6_1",2,7,4.5,NA,5,NA,NA,NA
"s6","aug_22","plot 6","p","veof",2,7,0.7,NA,NA,0.1,NA,NA
"s6","aug_22","plot 10","p","veof",1,6,NA,0.06,NA,0.03,0,NA
"s6","aug_22","plot 15","p","mear",5,6,2.3,NA,1.8,NA,0,NA
"s6","aug_22","plot 15","p","shar",2,6,NA,0.05,2.3,NA,NA,NA
"s6","aug_22","plot 15","p","shar",2,6,NA,0.25,2.2,NA,NA,NA
"s6","aug_22","plot 15","p","shar",2,5.5,NA,0.12,NA,0.05,NA,NA
"s6","aug_22","plot 15","p","mear",5,5,3,NA,1.9,NA,0,NA
"s6","aug_22","plot 15","p","vepe",2,5,1.7,NA,2.8,NA,NA,NA
"s6","aug_22","plot 15","p","coar",4,4.5,NA,0.09,NA,0.05,NA,NA
"s6","aug_22","plot 15","p","coar",4,4.5,NA,0.07,NA,0.05,NA,NA
"s6","aug_22","plot 15","p","mear",5,4.5,1.2,NA,1,NA,0,NA
"s6","aug_22","plot 15","p","shar",2,4.5,NA,0.15,1.2,NA,NA,NA
"s6","aug_22","plot 15","p","shar",2,3.5,NA,0.15,NA,0.04,NA,NA
"s6","aug_22","plot 10","p","mear",1,3,0.7,NA,0.6,NA,NA,NA
"s6","aug_22","plot 3","p","pore",8,3,2,NA,1.8,NA,0,NA
"s6","aug_22","plot 6","p","coar",8,3,NA,0.05,NA,0.05,NA,NA
"s7","sep_04","plot 6","p","pore",26,102,2.3,NA,1.5,NA,NA,NA
"s7","sep_04","plot 6","p","pore",26,85,2,NA,2.6,NA,NA,NA
"s7","sep_04","plot 3","p","pore",10,84,3.6,NA,3.8,NA,NA,NA
"s7","sep_04","plot 15","p","am",45,79,49,NA,114,NA,NA,NA
"s7","sep_04","plot 6","p","pore",26,71.5,4.5,NA,1.7,NA,NA,NA
"s7","sep_04","plot 3","p","ch",50,70,NA,0.85,20,NA,0,NA
"s7","sep_04","plot 15","p","melu",10,65,5,NA,1.5,NA,NA,NA
"s7","sep_04","plot 3","p","ch",50,57,NA,0.44,3,NA,0,NA
"s7","sep_04","plot 3","p","ch",50,49,NA,0.43,15,NA,0,NA
"s7","sep_04","plot 15","p","melu",10,47,5.5,NA,NA,0.11,NA,NA
"s7","sep_04","plot 6","p","pore",26,47,2.2,NA,1.9,NA,NA,NA
"s7","sep_04","plot 10","p","fear",1,8.5,1.9,NA,1.6,NA,NA,NA
"s7","sep_04","plot 3","p","ch",50,43,NA,0.22,2.1,NA,0,NA
"s7","sep_04","plot 3","p","ch",50,39.5,NA,0.46,5,NA,0,NA
"s7","sep_04","plot 6","p","fear",20,39,29.5,NA,8.5,NA,NA,NA
"s7","sep_04","plot 10","p","pore",15,36.5,0.9,NA,0.6,NA,0,NA
"s7","sep_04","plot 10","p","elre",35,36,2.4,NA,2,NA,0,NA
"s7","sep_04","plot 15","p","melu",10,34,4,NA,1.7,NA,NA,NA
"s7","sep_04","plot 10","p","elre",35,33,2.1,NA,0.9,NA,0,NA
"s7","sep_04","plot 10","p","coar",10,31,1.5,NA,1.6,NA,0,NA
"s7","sep_04","plot 10","p","pore",15,30,2,NA,0.9,NA,0,NA
"s7","sep_04","plot 15","p","mean",15,30,NA,0.55,8.5,NA,NA,NA
"s7","sep_04","plot 6","p","pore",26,30,2,NA,1.2,NA,NA,NA
"s7","sep_04","plot 10","p","pore",15,29.5,1.7,NA,NA,0.05,0,NA
"s7","sep_04","plot 6","p","elre",20,28,1.8,NA,1.6,NA,1,NA
"s7","sep_04","plot 3","p","trfr",30,27,8.2,NA,8.3,NA,1,NA
"s7","sep_04","plot 6","p","elre",20,27,1.5,NA,1.3,NA,1,NA
"s7","sep_04","plot 6","p","elre",20,25.5,2.7,NA,2,NA,1,NA
"s7","sep_04","plot 10","p","coar",10,24,1.6,NA,2.2,NA,0,NA
"s7","sep_04","plot 10","p","pore",15,24,2,NA,0.6,NA,0,NA
"s7","sep_04","plot 6","p","elre",20,24,1.2,NA,1,NA,1,NA
"s7","sep_04","plot 10","p","ch",6,23.5,NA,0.25,2.1,NA,1,NA
"s7","sep_04","plot 10","p","coar",10,23.5,1.7,NA,1.1,NA,0,NA
"s7","sep_04","plot 3","p","coar",7,22.5,3.2,NA,3,NA,NA,NA
"s7","sep_04","plot 3","p","plla",5,22,8.5,NA,4,NA,NA,NA
"s7","sep_04","plot 10","p","elre",35,21,3.2,NA,2.7,NA,0,NA
"s7","sep_04","plot 15","p","plla",4,20,3,NA,0.9,NA,NA,NA
"s7","sep_04","plot 3","p","dagl",6,20,2.4,NA,1.6,NA,NA,NA
"s7","sep_04","plot 3","p","dagl",6,20,8,NA,3.5,NA,NA,NA
"s7","sep_04","plot 3","p","elre",5,20,1.5,NA,1.1,NA,NA,NA
"s7","sep_04","plot 15","p","mean",15,19,NA,0.38,NA,0.22,NA,NA
"s7","sep_04","plot 15","p","ni_p15_4",6,19,3,NA,1.6,NA,NA,NA
"s7","sep_04","plot 3","p","coar",7,18.5,2.6,NA,2.7,NA,NA,NA
"s7","sep_04","plot 10","p","elre",35,18,2.1,NA,1.6,NA,0,NA
"s7","sep_04","plot 15","p","coar",6,18,NA,0.11,NA,0.05,NA,NA
"s7","sep_04","plot 3","p","elre",5,18,1.5,NA,1.4,NA,NA,NA
"s7","sep_04","plot 3","p","elre",5,18,1.2,NA,1.2,NA,NA,NA
"s7","sep_04","plot 3","p","pore",10,18,2,NA,NA,0.07,NA,NA
"s7","sep_04","plot 6","p","shar",4,18,1.7,NA,1.5,NA,NA,NA
"s7","sep_04","plot 10","p","elre",35,17.5,1.9,NA,2,NA,0,NA
"s7","sep_04","plot 3","p","veof",2,17.5,1.8,NA,2,NA,NA,NA
"s7","sep_04","plot 10","p","pore",15,17,1.1,NA,1,NA,0,NA
"s7","sep_04","plot 15","p","mean",15,17,0.65,NA,4.5,NA,NA,NA
"s7","sep_04","plot 6","p","elre",20,16,1.4,NA,1.2,NA,1,NA
"s7","sep_04","plot 3","p","coar",7,15.5,1.7,NA,1.6,NA,NA,NA
"s7","sep_04","plot 3","p","elre",5,15.5,2.4,NA,1.6,NA,NA,NA
"s7","sep_04","plot 3","p","trfr",30,15.5,4.2,NA,3.2,NA,1,NA
"s7","sep_04","plot 15","p","coar",6,15,2,NA,0.8,NA,NA,NA
"s7","sep_04","plot 3","p","fear",6,14,3,NA,2.1,NA,NA,NA
"s7","sep_04","plot 3","p","trfr",30,14,2.4,NA,2,NA,1,NA
"s7","sep_04","plot 15","p","ni_p15_4",6,13.5,1.8,NA,1.5,NA,NA,NA
"s7","sep_04","plot 3","p","fear",6,13.5,5,NA,3.5,NA,NA,NA
"s7","sep_04","plot 6","p","mear",9,13.5,NA,0.2,1.8,NA,NA,NA
"s7","sep_04","plot 15","p","ni_p15_4",6,13,1,NA,0.9,NA,NA,NA
"s7","sep_04","plot 15","p","veof",2,13,2.4,NA,1.1,NA,NA,NA
"s7","sep_04","plot 3","p","shar",6,13,2.1,NA,2.5,NA,NA,NA
"s7","sep_04","plot 3","p","trfr",30,12.5,1.7,NA,2,NA,1,NA
"s7","sep_04","plot 6","p","coar",6,12.5,2.5,NA,2.4,NA,NA,NA
"s7","sep_04","plot 15","p","ni_p15_4",6,12,2.4,NA,1.8,NA,NA,NA
"s7","sep_04","plot 3","p","coar",7,12,1.2,NA,1.9,NA,NA,NA
"s7","sep_04","plot 3","p","fear",6,12,2.1,NA,1.4,NA,NA,NA
"s7","sep_04","plot 3","p","trfr",30,12,10,NA,3,NA,1,NA
"s7","sep_04","plot 6","p","shar",4,12,2.3,NA,3.5,NA,NA,NA
"s7","sep_04","plot 10","p","ch",6,11.5,NA,0.04,1.8,NA,1,NA
"s7","sep_04","plot 15","p","coar",6,11,3,NA,1.3,NA,NA,NA
"s7","sep_04","plot 6","p","shar",4,11,2.4,NA,2.1,NA,NA,NA
"s7","sep_04","plot 6","p","veof",3,11,2.1,NA,NA,0.03,NA,NA
"s7","sep_04","plot 10","p","coar",10,10.5,1.5,NA,2,NA,0,NA
"s7","sep_04","plot 15","p","ni_p15_4",6,10,1.5,NA,1,NA,NA,NA
"s7","sep_04","plot 10","p","coar",10,9,1.4,NA,1.3,NA,0,NA
"s7","sep_04","plot 10","p","mean",4,9,NA,0.16,1.9,NA,1,NA
"s7","sep_04","plot 3","p","elre",5,9,1.5,NA,1.2,NA,NA,NA
"s7","sep_04","plot 10","p","mean",4,8,NA,0.15,0.9,NA,1,NA
"s7","sep_04","plot 10","p","veof",2,8,NA,0.2,NA,0.05,0,NA
"s7","sep_04","plot 15","p","plla",4,8,4.5,NA,3.5,NA,NA,NA
"s7","sep_04","plot 3","p","coar",7,8,1.3,NA,1.5,NA,NA,NA
"s7","sep_04","plot 6","p","ni_p6_1",5,8,10.5,NA,8.5,NA,NA,NA
"s7","sep_04","plot 15","p","mear",6,7,5,NA,4,NA,1,NA
"s7","sep_04","plot 15","p","ni_p15_4",6,7,1.7,NA,1.3,NA,NA,NA
"s7","sep_04","plot 15","p","shar",5,7,1.5,NA,1.7,NA,NA,NA
"s7","sep_04","plot 3","p","shar",6,7,NA,0.16,1.9,NA,NA,NA
"s7","sep_04","plot 6","p","veof",3,7,1.6,NA,NA,0.05,NA,NA
"s7","sep_04","plot 15","p","lyar",1,6.5,2.5,NA,3,NA,NA,NA
"s7","sep_04","plot 15","p","shar",5,6.5,2.7,NA,1.8,NA,NA,NA
"s7","sep_04","plot 6","p","coar",6,6.5,1.4,NA,NA,0.06,NA,NA
"s7","sep_04","plot 10","p","ni_p10_5",3,6,4.9,NA,3.2,NA,NA,NA
"s7","sep_04","plot 15","p","coar",6,6,NA,0.1,NA,0.07,NA,NA
"s7","sep_04","plot 15","p","vepe",3,6,2.5,NA,4.5,NA,NA,NA
"s7","sep_04","plot 3","p","plla",5,6,1.5,NA,1.4,NA,NA,NA
"s7","sep_04","plot 6","p","mear",9,6,1.2,NA,1,NA,NA,NA
"s7","sep_04","plot 6","p","melu",3,6,3.5,NA,3.4,NA,NA,NA
"s7","sep_04","plot 6","p","shar",4,5.5,1.4,NA,1.5,NA,NA,NA
"s7","sep_04","plot 15","p","coar",6,5,1,NA,0.7,NA,NA,NA
"s7","sep_04","plot 15","p","mear",6,5,2,NA,2.3,NA,1,NA
"s7","sep_04","plot 6","p","coar",6,5,NA,0.05,NA,0.01,NA,NA
"s7","sep_04","plot 15","p","shar",5,4.5,1.8,NA,1,NA,NA,NA
"s7","sep_04","plot 6","p","coar",6,4.5,1.6,NA,1.7,NA,NA,NA
"s7","sep_04","plot 10","p","lyar",4,4,1.5,NA,2.8,NA,0,NA
"s7","sep_04","plot 10","p","ni_p10_6",1,4,0.8,NA,0.7,NA,0,NA
"s7","sep_04","plot 10","p","shar",2,4,2.5,NA,2.1,NA,1,NA
"s7","sep_04","plot 15","p","melu",10,4,2,NA,1.4,NA,NA,NA
"s7","sep_04","plot 6","p","mear",9,4,2,NA,2,NA,NA,NA
"s7","sep_04","plot 6","p","shar",4,4,2.5,NA,2.4,NA,NA,NA
"s7","sep_04","plot 6","p","mear",9,3.5,1.5,NA,1.2,NA,NA,NA
"s7","sep_04","plot 10","p","mear",3,3,1.5,NA,1.6,NA,NA,NA
"s7","sep_04","plot 15","p","shar",5,3,2.1,NA,1.4,NA,NA,NA
"s7","sep_04","plot 6","p","mear",9,3,1.8,NA,1.5,NA,NA,NA
"s7","sep_04","plot 15","p","melu",10,2.5,2.3,NA,1.5,NA,NA,NA
"s8","sep_18","plot 3","p","pore",10,105,2.5,NA,4,NA,NA,NA
"s8","sep_18","plot 6","p","pore",25,105,2,NA,1.6,NA,0,NA
"s8","sep_18","plot 15","p","am",45,84,26,NA,102,NA,NA,NA
"s8","sep_18","plot 6","p","pore",25,75,4.9,NA,2.3,NA,0,NA
"s8","sep_18","plot 15","p","melu",9,71,5.6,NA,1.5,NA,NA,NA
"s8","sep_18","plot 3","p","ch",50,65,NA,0.9,8.5,NA,0,NA
"s8","sep_18","plot 3","p","ch",50,56,NA,0.35,NA,0.15,0,NA
"s8","sep_18","plot 6","p","pore",25,53,2.7,NA,2.6,NA,0,NA
"s8","sep_18","plot 15","p","melu",9,46.5,5.2,NA,NA,0.1,NA,NA
"s8","sep_18","plot 3","p","ch",50,45,NA,0.5,6.5,NA,0,NA
"s8","sep_18","plot 6","p","pore",25,44,4,NA,2.1,NA,0,NA
"s8","sep_18","plot 3","p","ch",50,41,NA,0.41,NA,0.19,0,NA
"s8","sep_18","plot 3","p","ch",50,40,NA,0.42,5.5,NA,0,NA
"s8","sep_18","plot 3","p","trfr",15,39,1.5,NA,3,NA,NA,NA
"s8","sep_18","plot 6","p","fear",20,39,29,NA,7.6,NA,NA,NA
"s8","sep_18","plot 10","p","pore",9,36,1.8,NA,2.2,NA,NA,NA
"s8","sep_18","plot 15","p","melu",9,36,4.6,NA,2.4,NA,NA,NA
"s8","sep_18","plot 15","p","coar",7,34.5,NA,0.1,NA,0.04,NA,NA
"s8","sep_18","plot 3","p","trfr",15,34,3,NA,2.5,NA,NA,NA
"s8","sep_18","plot 10","p","pore",9,33,3.9,NA,NA,0.03,NA,NA
"s8","sep_18","plot 10","p","coar",15,32,1.9,NA,2,NA,NA,NA
"s8","sep_18","plot 6","p","elre",25,32,1.7,NA,2,NA,0,NA
"s8","sep_18","plot 15","p","coar",7,31,3.9,NA,1.6,NA,NA,NA
"s8","sep_18","plot 15","p","coar",7,30,1.6,NA,1.3,NA,NA,NA
"s8","sep_18","plot 10","p","ch",5,29,NA,0.29,4.5,NA,NA,NA
"s8","sep_18","plot 15","p","mean",12,27,3.5,NA,12,NA,0,NA
"s8","sep_18","plot 3","p","lyar",5,26,5.5,NA,3,NA,NA,NA
"s8","sep_18","plot 10","p","coar",15,25,2.1,NA,1.5,NA,NA,NA
"s8","sep_18","plot 10","p","elre",40,25,2.1,NA,1.7,NA,0,NA
"s8","sep_18","plot 3","p","coar",1,25,1.1,NA,0.9,NA,NA,NA
"s8","sep_18","plot 6","p","elre",25,25,2.1,NA,1.7,NA,0,NA
"s8","sep_18","plot 6","p","elre",25,24.5,1.2,NA,1.4,NA,0,NA
"s8","sep_18","plot 3","p","dagl",6,24,3.5,NA,2.5,NA,0,NA
"s8","sep_18","plot 6","p","mear",10,23,2,NA,5.2,NA,NA,NA
"s8","sep_18","plot 10","p","elre",40,22.5,1.4,NA,0.9,NA,0,NA
"s8","sep_18","plot 10","p","coar",15,22,1,NA,1,NA,NA,NA
"s8","sep_18","plot 15","p","coar",7,22,1.9,NA,2,NA,NA,NA
"s8","sep_18","plot 10","p","elre",40,21,0.9,NA,1.1,NA,0,NA
"s8","sep_18","plot 10","p","elre",40,21,1.6,NA,1.3,NA,0,NA
"s8","sep_18","plot 3","p","fear",10,21,20,NA,12,NA,0,NA
"s8","sep_18","plot 15","p","mean",12,20,1.7,NA,2.4,NA,0,NA
"s8","sep_18","plot 15","p","veof",3,20,5.5,NA,2.6,NA,NA,NA
"s8","sep_18","plot 3","p","coar",1,20,2,NA,1.8,NA,NA,NA
"s8","sep_18","plot 6","p","elre",25,20,1.3,NA,1.4,NA,0,NA
"s8","sep_18","plot 15","p","mean",12,19,2.6,NA,8.5,NA,0,NA
"s8","sep_18","plot 15","p","plla",3,19,6.2,NA,3.5,NA,0,NA
"s8","sep_18","plot 3","p","coar",1,18,3,NA,1.8,NA,NA,NA
"s8","sep_18","plot 3","p","trfr",15,18,1.3,NA,1.5,NA,NA,NA
"s8","sep_18","plot 6","p","elre",25,18,2.9,NA,2.4,NA,0,NA
"s8","sep_18","plot 6","p","pore",25,18,2.2,NA,2.2,NA,0,NA
"s8","sep_18","plot 6","p","shar",4,18,3.2,NA,2.7,NA,NA,NA
"s8","sep_18","plot 10","p","coar",15,17,2,NA,2.8,NA,NA,NA
"s8","sep_18","plot 10","p","coar",15,17,1,NA,1.5,NA,NA,NA
"s8","sep_18","plot 3","p","pore",10,17,2.2,NA,1.2,NA,NA,NA
"s8","sep_18","plot 3","p","veof",3,17,4,NA,2.7,NA,NA,NA
"s8","sep_18","plot 6","p","melu",2,17,4.2,NA,2,NA,NA,NA
"s8","sep_18","plot 10","p","elre",40,16.5,2.4,NA,2.1,NA,0,NA
"s8","sep_18","plot 10","p","mean",6,16,NA,0.2,3.1,NA,0,NA
"s8","sep_18","plot 15","p","ni_p15_4",7,16,2.5,NA,2,NA,0,NA
"s8","sep_18","plot 3","p","shar",3,16,4,NA,3.5,NA,NA,NA
"s8","sep_18","plot 6","p","coar",4,15.5,1.5,NA,1.8,NA,1,NA
"s8","sep_18","plot 6","p","coar",4,15.5,1.2,NA,1.5,NA,1,NA
"s8","sep_18","plot 3","p","trfr",15,15,1.5,NA,1,NA,NA,NA
"s8","sep_18","plot 3","p","fear",10,14,3.5,NA,2,NA,0,NA
"s8","sep_18","plot 3","p","lyar",5,14,2.5,NA,2,NA,NA,NA
"s8","sep_18","plot 3","p","shar",3,14,3,NA,1.4,NA,NA,NA
"s8","sep_18","plot 6","p","ni_p6_1",5,14,15.4,NA,11.5,NA,2,NA
"s8","sep_18","plot 10","p","mean",6,13.5,1.9,NA,1.7,NA,0,NA
"s8","sep_18","plot 15","p","coar",7,13.5,1.2,NA,1.4,NA,NA,NA
"s8","sep_18","plot 10","p","ni_p10_5",8,13,10.9,NA,13,NA,0,NA
"s8","sep_18","plot 10","p","veof",2,13,2.1,NA,NA,0.06,0,NA
"s8","sep_18","plot 15","p","shar",3,13,5.2,NA,4.2,NA,NA,NA
"s8","sep_18","plot 3","p","ni_p3_3",4,13,0.9,NA,1,NA,NA,NA
"s8","sep_18","plot 3","p","plla",3,13,7.5,NA,3,NA,0,NA
"s8","sep_18","plot 6","p","coar",4,13,1,NA,1.2,NA,1,NA
"s8","sep_18","plot 6","p","coar",4,13,1.1,NA,NA,0.03,1,NA
"s8","sep_18","plot 6","p","coar",4,13,2.2,NA,2.4,NA,1,NA
"s8","sep_18","plot 6","p","veof",3,13,2,NA,2.3,NA,NA,NA
"s8","sep_18","plot 15","p","mear",9,12,9.5,NA,8.5,NA,0,NA
"s8","sep_18","plot 15","p","ni_p15_4",7,12,NA,0.07,NA,0.06,0,NA
"s8","sep_18","plot 3","p","ni_p3_2",3,12,2.5,NA,2,NA,0,NA
"s8","sep_18","plot 6","p","shar",4,11.5,2.3,NA,2,NA,NA,NA
"s8","sep_18","plot 10","p","ch",5,11,NA,0.07,3.2,NA,NA,NA
"s8","sep_18","plot 10","p","ni_p10_6",6,11,2.2,NA,3.2,NA,NA,NA
"s8","sep_18","plot 3","p","ni_p3_3",4,11,1,NA,1,NA,NA,NA
"s8","sep_18","plot 6","p","mear",10,11,1.4,NA,1,NA,NA,NA
"s8","sep_18","plot 6","p","mear",10,11,1.9,NA,1.7,NA,NA,NA
"s8","sep_18","plot 6","p","shar",4,11,2.6,NA,3,NA,NA,NA
"s8","sep_18","plot 6","p","veof",3,11,2.6,NA,2.4,NA,NA,NA
"s8","sep_18","plot 10","p","lyar",6,10,3.5,NA,5,NA,0,NA
"s8","sep_18","plot 15","p","ni_p15_4",7,10,NA,0.02,NA,0.04,0,NA
"s8","sep_18","plot 15","p","ni_p15_5",2,10,2,NA,1.2,NA,NA,NA
"s8","sep_18","plot 15","p","shar",3,10,3.1,NA,3.7,NA,NA,NA
"s8","sep_18","plot 15","p","vepe",3,10,4.5,NA,5.3,NA,NA,NA
"s8","sep_18","plot 6","p","mear",10,10,1.4,NA,1.5,NA,NA,NA
"s8","sep_18","plot 15","p","ni_p15_4",7,9.5,2.4,NA,2.1,NA,0,NA
"s8","sep_18","plot 15","p","melu",9,9,3.5,NA,2.2,NA,NA,NA
"s8","sep_18","plot 15","p","ni_p15_5",2,9,1.9,NA,1.5,NA,NA,NA
"s8","sep_18","plot 15","p","shar",3,9,2.5,NA,0.8,NA,NA,NA
"s8","sep_18","plot 6","p","mear",10,9,3.5,NA,2.5,NA,NA,NA
"s8","sep_18","plot 10","p","pore",9,8.5,1.8,NA,1.4,NA,NA,NA
"s8","sep_18","plot 3","p","ni_p3_3",4,8.5,0.9,NA,0.7,NA,NA,NA
"s8","sep_18","plot 10","p","pore",9,8,1.6,NA,2.4,NA,NA,NA
"s8","sep_18","plot 15","p","ni_p15_4",7,8,NA,0.14,NA,0.05,0,NA
"s8","sep_18","plot 3","p","plla",3,7.5,2.2,NA,1.8,NA,0,NA
"s8","sep_18","plot 10","p","mear",3,7,1.8,NA,1.6,NA,NA,NA
"s8","sep_18","plot 15","p","shar",3,7,2.7,NA,2.5,NA,NA,NA
"s8","sep_18","plot 3","p","shar",3,7,1.5,NA,1,NA,NA,NA
"s8","sep_18","plot 3","p","trfr",15,7,1,NA,1.1,NA,NA,NA
"s8","sep_18","plot 6","p","shar",4,7,1,NA,1,NA,NA,NA
"s8","sep_18","plot 10","p","pore",9,6.5,2.2,NA,1.5,NA,NA,NA
"s8","sep_18","plot 3","p","ni_p3_3",4,6.5,1,NA,0.7,NA,NA,NA
"s8","sep_18","plot 6","p","shar",4,6.5,2.5,NA,2.8,NA,NA,NA
"s8","sep_18","plot 10","p","mear",3,6,NA,0.12,NA,0.03,NA,NA
"s8","sep_18","plot 10","p","ni_p10_2",3,6,3,NA,3.9,NA,0,NA
"s8","sep_18","plot 15","p","mear",9,6,3.2,NA,3,NA,0,NA
"s8","sep_18","plot 15","p","ni_p15_5",2,6,2.5,NA,1.5,NA,NA,NA
"s8","sep_18","plot 3","p","shar",3,6,NA,0.05,NA,0.03,NA,NA
"s8","sep_18","plot 6","p","ni_p6_2",1,6,3.9,NA,4,NA,NA,"asteracea como una bellis con pinchos"
"s8","sep_18","plot 10","p","to",0.5,5.5,NA,0.01,NA,0.01,0,NA
"s8","sep_18","plot 3","p","ni_p3_3",4,5.5,0.7,NA,0.6,NA,NA,NA
"s8","sep_18","plot 3","p","gedi",1,5,NA,0.04,NA,0.03,NA,"teniamos puesto ranunculos y los cambaimos tdoso por gferanium, dudas, eran muy pequeos"
"s8","sep_18","plot 3","p","gedi",1,4,NA,0.05,NA,0.03,NA,"teniamos puesto ranunculos y los cambaimos tdoso por gferanium, dudas, eran muy pequeos"
"s8","sep_18","plot 6","p","bepe",0.5,4,0.4,NA,0.4,NA,NA,NA
"s8","sep_18","plot 6","p","gedi",3,4,NA,0.03,NA,0.05,NA,"teniamos puesto ranunculos y los cambaimos tdoso por gferanium, dudas, eran muy pequeos"
"s8","sep_18","plot 10","p","ni_p10_2",3,3.5,1.5,NA,1.5,NA,0,NA
"s8","sep_18","plot 3","p","to",0.5,3.5,NA,0.03,NA,0.01,NA,NA
"s8","sep_18","plot 3","p","gedi",1,3.5,NA,0.05,NA,0.04,NA,"teniamos puesto ranunculos y los cambaimos tdoso por gferanium, dudas, eran muy pequeos"
"s8","sep_18","plot 6","p","gedi",3,3.5,NA,0.03,NA,0.03,NA,"teniamos puesto ranunculos y los cambaimos tdoso por gferanium, dudas, eran muy pequeos"
"s8","sep_18","plot 6","p","gedi",3,3.5,NA,0.03,NA,0.03,NA,"teniamos puesto ranunculos y los cambaimos tdoso por gferanium, dudas, eran muy pequeos"
"s8","sep_18","plot 10","p","gedi",5,3,NA,0.05,NA,0.01,NA,"teniamos puesto ranunculos y los cambaimos tdoso por gferanium, dudas, eran muy pequeos"
"s8","sep_18","plot 10","p","gedi",5,3,NA,0.01,NA,0.01,NA,"teniamos puesto ranunculos y los cambaimos tdoso por gferanium, dudas, eran muy pequeos"
"s8","sep_18","plot 10","p","gedi",5,3,NA,0.04,NA,0.02,NA,"teniamos puesto ranunculos y los cambaimos tdoso por gferanium, dudas, eran muy pequeos"
"s8","sep_18","plot 3","p","pore",10,3,NA,0.06,NA,0.05,NA,NA
"s8","sep_18","plot 10","p","gedi",5,2.5,NA,0.01,NA,0.01,NA,"teniamos puesto ranunculos y los cambaimos tdoso por gferanium, dudas, eran muy pequeos"
"s8","sep_18","plot 10","p","gedi",5,2.5,NA,0.01,NA,0.01,NA,"teniamos puesto ranunculos y los cambaimos tdoso por gferanium, dudas, eran muy pequeos"
"s8","sep_18","plot 3","p","gedi",1,2.5,NA,0.04,NA,0.02,NA,"teniamos puesto ranunculos y los cambaimos tdoso por gferanium, dudas, eran muy pequeos"
"s8","sep_18","plot 6","p","gedi",3,2.5,NA,0.03,NA,0.03,NA,"teniamos puesto ranunculos y los cambaimos tdoso por gferanium, dudas, eran muy pequeos"
"s8","sep_18","plot 6","p","gedi",3,2.5,NA,0.03,NA,0.03,NA,"teniamos puesto ranunculos y los cambaimos tdoso por gferanium, dudas, eran muy pequeos"
"s8","sep_18","plot 10","p","bepe",0.5,2,1.5,0.01,NA,0.01,NA,NA
"s8","sep_18","plot 3","p","bepe",1,2,0.7,NA,0.6,NA,0,NA
"s8","sep_18","plot 3","p","to",0.5,2,NA,0.05,NA,0.01,NA,NA
"s8","sep_18","plot 3","p","gedi",1,2,NA,0.02,NA,0.01,NA,"teniamos puesto ranunculos y los cambaimos tdoso por gferanium, dudas, eran muy pequeos"
"s9","oct_04","plot 6","p","pore",23,107,2,NA,1.6,NA,NA,NA
"s9","oct_04","plot 3","p","pore",10,102,1.9,NA,3.7,NA,NA,NA
"s9","oct_04","plot 6","p","pore",23,85,1.5,NA,1.3,NA,NA,NA
"s9","oct_04","plot 15","p","am",45,82,15,NA,135,NA,NA,NA
"s9","oct_04","plot 15","p","melu",5,71,5.5,NA,2.5,NA,NA,NA
"s9","oct_04","plot 3","p","ch",30,67,NA,0.65,8,NA,0,NA
"s9","oct_04","plot 3","p","pore",10,57,1.7,NA,NA,0.09,NA,NA
"s9","oct_04","plot 3","p","ch",30,55.5,NA,0.4,2.8,NA,0,NA
"s9","oct_04","plot 6","p","fear",15,54,31,NA,16.5,NA,NA,NA
"s9","oct_04","plot 10","p","pore",11,52,2.1,NA,NA,0.03,0,NA
"s9","oct_04","plot 6","p","pore",23,52,1.5,NA,0.9,NA,NA,NA
"s9","oct_04","plot 15","p","melu",5,49,4.5,0.09,NA,0.09,NA,NA
"s9","oct_04","plot 3","p","ch",30,49,NA,0.42,10,NA,0,NA
"s9","oct_04","plot 3","p","ch",30,44,NA,0.25,2.9,NA,0,NA
"s9","oct_04","plot 3","p","ch",30,42.5,NA,0.25,2.5,NA,0,NA
"s9","oct_04","plot 15","p","melu",5,41,3.5,NA,2.5,NA,NA,NA
"s9","oct_04","plot 15","p","coar",10,39,2.1,NA,1.3,NA,NA,NA
"s9","oct_04","plot 3","p","trfr",8,37,5,NA,1.9,NA,0,NA
"s9","oct_04","plot 10","p","elre",20,36,2.4,NA,2.1,NA,NA,NA
"s9","oct_04","plot 15","p","coar",10,36,NA,0.11,0.7,NA,NA,NA
"s9","oct_04","plot 10","p","pore",11,35,2.5,NA,1.5,NA,0,NA
"s9","oct_04","plot 10","p","coar",10,33,2.7,NA,3.5,NA,NA,NA
"s9","oct_04","plot 15","p","mean",10,31,NA,0.6,11,NA,NA,NA
"s9","oct_04","plot 6","p","pore",23,31,1.2,NA,NA,0.11,NA,NA
"s9","oct_04","plot 6","p","mear",7,30,NA,0.35,1.4,NA,NA,NA
"s9","oct_04","plot 15","p","coar",10,28.5,NA,0.8,1.1,NA,NA,NA
"s9","oct_04","plot 10","p","coar",10,28,2.1,NA,2.2,NA,NA,NA
"s9","oct_04","plot 10","p","pore",11,27,2.5,NA,NA,0.05,0,NA
"s9","oct_04","plot 6","p","elre",25,27,2,NA,1.5,NA,NA,NA
"s9","oct_04","plot 3","p","trfr",8,26.5,NA,0.13,NA,0.15,0,NA
"s9","oct_04","plot 6","p","elre",25,26.5,1.5,NA,1,NA,NA,NA
"s9","oct_04","plot 10","p","coar",10,26,1,NA,0.9,NA,NA,NA
"s9","oct_04","plot 10","p","coar",10,26,NA,0.05,NA,0.03,NA,NA
"s9","oct_04","plot 10","p","elre",20,25,3.2,NA,2.8,NA,NA,NA
"s9","oct_04","plot 6","p","elre",25,25,1.8,NA,1.8,NA,NA,NA
"s9","oct_04","plot 3","p","coar",10,24.5,3.2,NA,3,NA,NA,NA
"s9","oct_04","plot 10","p","ch",4,24,NA,0.29,4.3,NA,NA,NA
"s9","oct_04","plot 15","p","coar",10,24,1,0.9,NA,NA,NA,NA
"s9","oct_04","plot 15","p","veof",1,24,3,NA,25,NA,NA,NA
"s9","oct_04","plot 3","p","dagl",5,23,4,NA,3.2,NA,NA,NA
"s9","oct_04","plot 3","p","elre",5,22.5,1.8,NA,1.2,NA,NA,NA
"s9","oct_04","plot 3","p","coar",10,21.5,2,NA,2.6,NA,NA,NA
"s9","oct_04","plot 3","p","shar",5,21.5,1.3,NA,1.2,NA,NA,NA
"s9","oct_04","plot 15","p","coar",10,21,1,NA,1.5,NA,NA,NA
"s9","oct_04","plot 15","p","mean",10,21,NA,0.24,3.5,NA,NA,NA
"s9","oct_04","plot 15","p","mean",10,21,NA,0.4,5.7,NA,NA,NA
"s9","oct_04","plot 3","p","dagl",5,21,7,NA,5.3,NA,NA,NA
"s9","oct_04","plot 3","p","trfr",8,21,1.7,NA,1.7,NA,0,NA
"s9","oct_04","plot 6","p","elre",25,21,0.7,NA,0.7,NA,NA,NA
"s9","oct_04","plot 15","p","plla",5,20,6,NA,4,NA,0,NA
"s9","oct_04","plot 3","p","elre",5,20,1.3,NA,1.3,NA,NA,NA
"s9","oct_04","plot 3","p","lyar",5,19.5,3.2,NA,6.5,NA,NA,NA
"s9","oct_04","plot 3","p","veof",2,19.5,3.7,NA,1.5,NA,NA,NA
"s9","oct_04","plot 10","p","elre",20,19,2.1,NA,2.1,NA,NA,NA
"s9","oct_04","plot 3","p","shar",5,19,2.9,NA,3.2,NA,NA,NA
"s9","oct_04","plot 10","p","coar",10,18,0.8,NA,1.2,NA,NA,NA
"s9","oct_04","plot 3","p","coar",10,18,1.6,NA,1.7,NA,NA,NA
"s9","oct_04","plot 3","p","trfr",8,18,3.2,NA,3.2,NA,0,NA
"s9","oct_04","plot 6","p","coar",3,18,0.8,NA,1,NA,NA,NA
"s9","oct_04","plot 3","p","fear",5,17.5,4.3,NA,3.4,NA,NA,NA
"s9","oct_04","plot 3","p","shar",5,17.5,2.5,NA,2.4,NA,NA,NA
"s9","oct_04","plot 10","p","lyar",4,17,5,NA,8.8,NA,0,NA
"s9","oct_04","plot 10","p","mean",4,17,1.7,NA,3.9,NA,0,NA
"s9","oct_04","plot 10","p","veof",2,17,4.5,NA,3.5,NA,0,NA
"s9","oct_04","plot 3","p","fear",5,17,2.1,NA,2,NA,NA,NA
"s9","oct_04","plot 6","p","elre",25,17,1.6,NA,1.2,NA,NA,NA
"s9","oct_04","plot 6","p","ni_p6_1",5,17,28,NA,19,NA,NA,NA
"s9","oct_04","plot 6","p","veof",3,17,1.5,NA,1.6,NA,NA,NA
"s9","oct_04","plot 10","p","mean",4,16,2,NA,2.2,NA,0,NA
"s9","oct_04","plot 3","p","trfr",8,16,1.7,NA,1.4,NA,0,NA
"s9","oct_04","plot 6","p","shar",3,16,NA,0.07,NA,0.04,NA,NA
"s9","oct_04","plot 3","p","coar",10,15.5,1.1,NA,1.6,NA,NA,NA
"s9","oct_04","plot 3","p","elre",5,15,1.5,NA,1,NA,NA,NA
"s9","oct_04","plot 10","p","elre",20,14,2.5,NA,2,NA,NA,NA
"s9","oct_04","plot 15","p","shar",5,14,4.5,NA,5.5,NA,0,NA
"s9","oct_04","plot 3","p","ni_p3_3",4,14,1.4,NA,1.6,NA,0,NA
"s9","oct_04","plot 3","p","ni_p3_3",4,14,NA,0.09,NA,0.04,0,NA
"s9","oct_04","plot 3","p","shar",5,14,1.3,NA,1.8,NA,NA,NA
"s9","oct_04","plot 6","p","coar",3,14,0.8,NA,1.2,NA,NA,NA
"s9","oct_04","plot 3","p","coar",10,13.5,1.6,NA,1.9,NA,NA,NA
"s9","oct_04","plot 10","p","ni_p10_6",5,13,5.5,NA,6.9,NA,0,NA
"s9","oct_04","plot 10","p","pore",11,13,2.3,NA,1.3,NA,0,NA
"s9","oct_04","plot 3","p","ni_p3_2",3,13,3,NA,3,NA,0,NA
"s9","oct_04","plot 6","p","coar",3,13,2.5,NA,2.6,NA,NA,NA
"s9","oct_04","plot 6","p","coar",3,13,0.7,NA,1.2,NA,NA,NA
"s9","oct_04","plot 6","p","veof",3,13,NA,0.12,1.6,NA,NA,NA
"s9","oct_04","plot 10","p","elre",20,12.5,1.5,NA,1.6,NA,NA,NA
"s9","oct_04","plot 15","p","mear",4,12.5,7,NA,5.5,NA,0,NA
"s9","oct_04","plot 6","p","mear",7,12.5,NA,0.15,0.7,NA,NA,NA
"s9","oct_04","plot 10","p","ni_p10_5",6,12,22,NA,18,NA,0,NA
"s9","oct_04","plot 10","p","pore",11,12,1.7,NA,2.2,NA,0,NA
"s9","oct_04","plot 15","p","mear",4,12,3,NA,2.5,NA,0,NA
"s9","oct_04","plot 15","p","ni_p15_4",7,12,2,NA,1.2,NA,NA,NA
"s9","oct_04","plot 3","p","ni_p3_3",4,12,2.3,NA,1.9,NA,0,NA
"s9","oct_04","plot 6","p","shar",3,12,2,NA,2.3,NA,NA,NA
"s9","oct_04","plot 10","p","ch",4,11,NA,0.09,3.9,NA,NA,NA
"s9","oct_04","plot 15","p","ni_p15_4",7,11,NA,0.12,NA,0.12,NA,NA
"s9","oct_04","plot 15","p","shar",5,11,3.5,NA,3,NA,0,NA
"s9","oct_04","plot 3","p","ni_p3_3",4,11,1.1,NA,1.3,NA,0,NA
"s9","oct_04","plot 3","p","plla",6,11,2.4,NA,2.5,NA,NA,NA
"s9","oct_04","plot 6","p","mear",7,11,0.6,NA,0.5,NA,NA,NA
"s9","oct_04","plot 6","p","shar",3,11,2.5,NA,1.6,NA,NA,NA
"s9","oct_04","plot 3","p","mear",1,10.5,0.9,NA,0.8,NA,0,NA
"s9","oct_04","plot 10","p","mear",4,10,2.1,NA,1.8,NA,NA,NA
"s9","oct_04","plot 3","p","plla",6,10,3.3,NA,3.6,NA,NA,NA
"s9","oct_04","plot 6","p","coar",3,10,NA,0.05,NA,0.05,NA,NA
"s9","oct_04","plot 6","p","gedi",10,10,0.8,NA,0.7,NA,NA,NA
"s9","oct_04","plot 10","p","gedi",8,9,NA,0.1,NA,0.03,NA,NA
"s9","oct_04","plot 3","p","ni_p3_3",4,9,1.4,NA,1.2,NA,0,NA
"s9","oct_04","plot 6","p","ni_p6_2",2,9,2.5,NA,2,NA,1,"asteracea como una bellis con pinchos"
"s9","oct_04","plot 10","p","gedi",8,8.5,NA,0.13,NA,0.09,NA,NA
"s9","oct_04","plot 10","p","gedi",8,8,0.9,NA,0.8,NA,NA,NA
"s9","oct_04","plot 10","p","ni_p10_2",1,8,3.6,NA,4,NA,NA,NA
"s9","oct_04","plot 15","p","ni_p15_4",7,8,1,NA,0.8,NA,NA,NA
"s9","oct_04","plot 15","p","ni_p15_4",7,8,2,NA,1.2,NA,NA,NA
"s9","oct_04","plot 6","p","gedi",10,8,1,NA,0.7,NA,NA,NA
"s9","oct_04","plot 6","p","mear",7,8,NA,0.02,NA,0.01,NA,NA
"s9","oct_04","plot 6","p","shar",3,8,1.8,NA,1.6,NA,NA,NA
"s9","oct_04","plot 10","p","gedi",8,7,NA,0.16,NA,0.01,NA,NA
"s9","oct_04","plot 10","p","to",2,7,NA,0.14,NA,0.09,NA,NA
"s9","oct_04","plot 3","p","gedi",2,7,0.8,NA,0.9,NA,NA,NA
"s9","oct_04","plot 6","p","pore",23,7,1.1,NA,1.5,NA,NA,NA
"s9","oct_04","plot 10","p","gedi",8,6,NA,0.02,NA,0.05,NA,NA
"s9","oct_04","plot 10","p","veof",1,6,NA,0.05,NA,0.02,0,NA
"s9","oct_04","plot 15","p","mean",10,6,0.9,NA,1,NA,NA,NA
"s9","oct_04","plot 15","p","plla",5,6,1.5,NA,1.4,NA,0,NA
"s9","oct_04","plot 3","p","gedi",2,6,NA,0.09,NA,0.04,NA,NA
"s9","oct_04","plot 6","p","vepe",1,6,NA,0.04,NA,0.01,0,NA
"s9","oct_04","plot 6","p","bepe",2,5.5,1,NA,0.9,NA,NA,NA
"s9","oct_04","plot 6","p","gedi",10,5.5,1,NA,0.9,NA,NA,NA
"s9","oct_04","plot 15","p","shar",5,5,NA,0.07,NA,0.03,0,NA
"s9","oct_04","plot 15","p","vepe",2,5,NA,0.06,NA,0.04,0,NA
"s9","oct_04","plot 6","p","shar",3,5,NA,0.05,NA,0.04,NA,NA
"s9","oct_04","plot 3","p","gedi",2,4.5,NA,0.01,NA,0.02,NA,NA
"s9","oct_04","plot 10","p","mear",4,4,NA,0.1,NA,0.13,NA,NA
"s9","oct_04","plot 15","p","vepe",2,4,NA,0.05,NA,0.04,0,NA
"s9","oct_04","plot 15","p","shar",5,3.5,NA,0,NA,0.01,0,NA
"s9","oct_04","plot 3","p","bepe",3,3.5,1.2,NA,1.1,NA,0,NA
"s9","oct_04","plot 3","p","shar",5,3.5,NA,0,NA,0.04,NA,NA
"s9","oct_04","plot 6","p","gedi",10,3.5,NA,0.03,NA,0.01,NA,NA
"s9","oct_04","plot 6","p","mear",7,3.5,NA,0.03,NA,0.02,NA,NA
"s9","oct_04","plot 15","p","vepe",2,3,NA,0.03,NA,0.04,0,NA
"s9","oct_04","plot 3","p","bepe",3,3,3.1,NA,2.8,NA,0,NA
"s9","oct_04","plot 3","p","bepe",3,3,1.2,NA,1.2,NA,0,NA
"s9","oct_04","plot 3","p","gedi",2,3,NA,0.01,NA,0,NA,NA
"s9","oct_04","plot 3","p","pore",10,3,0.9,NA,0.9,NA,NA,NA
"s9","oct_04","plot 3","p","to",1,3,NA,0.1,NA,0.05,NA,NA
"s9","oct_04","plot 3","p","vepe",1,3,NA,0.03,NA,0.05,NA,NA
"s9","oct_04","plot 6","p","gedi",10,3,0.9,NA,0.8,NA,NA,NA
"s9","oct_04","plot 15","p","shar",5,2.5,NA,0,NA,0.01,0,NA
"s9","oct_04","plot 15","p","vepe",2,2.5,NA,0.04,NA,0.04,0,NA
"s9","oct_04","plot 3","p","to",1,2.5,NA,0.1,NA,0.05,NA,NA
"s9","oct_04","plot 3","p","to",1,2.5,NA,0.01,NA,0.01,NA,NA
"s9","oct_04","plot 10","p","to",2,2,NA,0.06,NA,0.02,NA,NA
"s9","oct_04","plot 10","p","veof",1,2,NA,0.01,NA,0.05,0,NA
"s9","oct_04","plot 15","p","vepe",2,2,NA,0.03,NA,0.04,0,NA
"s9","oct_04","plot 3","p","bepe",3,2,0.5,NA,0.5,NA,0,NA
"s9","oct_04","plot 3","p","gedi",2,2,NA,0.12,NA,0.09,NA,NA
"s9","oct_04","plot 3","p","pore",10,2,1,NA,0.9,NA,NA,NA
"s9","oct_04","plot 3","p","bepe",3,1.5,0.5,NA,0.5,NA,0,NA
"s9","oct_04","plot 15","p","ni_p15_4",7,1.1,NA,0.07,NA,0.06,NA,NA
