"sampling","date","month","plot","treatment","abundance","species","biomass","n_species"
"0",2023-05-04,"May","2","c",1,"rabu",NA,15
"0",2023-05-04,"May","2","c",1,"trre",NA,15
"0",2023-05-04,"May","2","c",2,"gemo",NA,15
"0",2023-05-04,"May","2","c",2,"poan",NA,15
"0",2023-05-04,"May","2","c",2,"trdu",NA,15
"0",2023-05-04,"May","2","c",3,"gedi",NA,15
"0",2023-05-04,"May","2","c",3,"plla",NA,15
"0",2023-05-04,"May","2","c",3,"to",NA,15
"0",2023-05-04,"May","2","c",3,"trfr",NA,15
"0",2023-05-04,"May","2","c",4,"visa",NA,15
"0",2023-05-04,"May","2","c",5,"mear",NA,15
"0",2023-05-04,"May","2","c",5,"shar",NA,15
"0",2023-05-04,"May","2","c",6,"rapa",NA,15
"0",2023-05-04,"May","2","c",25,"brho",NA,15
"0",2023-05-04,"May","2","c",35,"brst",NA,15
"0",2023-05-04,"May","7","c",3,"brho",NA,10
"0",2023-05-04,"May","7","c",3,"coar",NA,10
"0",2023-05-04,"May","7","c",3,"to",NA,10
"0",2023-05-04,"May","7","c",4,"plla",NA,10
"0",2023-05-04,"May","7","c",4,"visa",NA,10
"0",2023-05-04,"May","7","c",5,"pore",NA,10
"0",2023-05-04,"May","7","c",5,"rabu",NA,10
"0",2023-05-04,"May","7","c",7,"shar",NA,10
"0",2023-05-04,"May","7","c",30,"poan",NA,10
"0",2023-05-04,"May","7","c",60,"fear",NA,10
"0",2023-05-04,"May","11","c",1,"poan",NA,13
"0",2023-05-04,"May","11","c",2,"rabu",NA,13
"0",2023-05-04,"May","11","c",2,"shar",NA,13
"0",2023-05-04,"May","11","c",2,"vear",NA,13
"0",2023-05-04,"May","11","c",3,"cegl",NA,13
"0",2023-05-04,"May","11","c",3,"plla",NA,13
"0",2023-05-04,"May","11","c",3,"rapa",NA,13
"0",2023-05-04,"May","11","c",7,"bepe",NA,13
"0",2023-05-04,"May","11","c",8,"trfr",NA,13
"0",2023-05-04,"May","11","c",8,"trre",NA,13
"0",2023-05-04,"May","11","c",10,"brho",NA,13
"0",2023-05-04,"May","11","c",15,"mear",NA,13
"0",2023-05-04,"May","11","c",50,"fear",NA,13
"0",2023-05-04,"May","14","c",1,"avst",NA,25
"0",2023-05-04,"May","14","c",1,"cegl",NA,25
"0",2023-05-04,"May","14","c",1,"crca",NA,25
"0",2023-05-04,"May","14","c",1,"trdu",NA,25
"0",2023-05-04,"May","14","c",1,"vepe",NA,25
"0",2023-05-04,"May","14","c",2,"coar",NA,25
"0",2023-05-04,"May","14","c",2,"cyec",NA,25
"0",2023-05-04,"May","14","c",2,"loco",NA,25
"0",2023-05-04,"May","14","c",2,"trre",NA,25
"0",2023-05-04,"May","14","c",2,"valo",NA,25
"0",2023-05-04,"May","14","c",3,"dagl",NA,25
"0",2023-05-04,"May","14","c",3,"libi",NA,25
"0",2023-05-04,"May","14","c",3,"mear",NA,25
"0",2023-05-04,"May","14","c",3,"plla",NA,25
"0",2023-05-04,"May","14","c",3,"pobu",NA,25
"0",2023-05-04,"May","14","c",4,"visa",NA,25
"0",2023-05-04,"May","14","c",5,"brst",NA,25
"0",2023-05-04,"May","14","c",5,"rabu",NA,25
"0",2023-05-04,"May","14","c",6,"gedi",NA,25
"0",2023-05-04,"May","14","c",6,"to",NA,25
"0",2023-05-04,"May","14","c",8,"bepe",NA,25
"0",2023-05-04,"May","14","c",8,"poan",NA,25
"0",2023-05-04,"May","14","c",10,"brho",NA,25
"0",2023-05-04,"May","14","c",10,"shar",NA,25
"0",2023-05-04,"May","14","c",12,"rapa",NA,25
"0",2023-05-04,"May","1","w",1,"apar",NA,16
"0",2023-05-04,"May","1","w",1,"cegl",NA,16
"0",2023-05-04,"May","1","w",1,"mear",NA,16
"0",2023-05-04,"May","1","w",2,"bepe",NA,16
"0",2023-05-04,"May","1","w",4,"hyra",NA,16
"0",2023-05-04,"May","1","w",5,"gedi",NA,16
"0",2023-05-04,"May","1","w",5,"poan",NA,16
"0",2023-05-04,"May","1","w",5,"to",NA,16
"0",2023-05-04,"May","1","w",6,"trdu",NA,16
"0",2023-05-04,"May","1","w",8,"fear",NA,16
"0",2023-05-04,"May","1","w",10,"brho",NA,16
"0",2023-05-04,"May","1","w",10,"plla",NA,16
"0",2023-05-04,"May","1","w",15,"brst",NA,16
"0",2023-05-04,"May","1","w",15,"shar",NA,16
"0",2023-05-04,"May","1","w",15,"visa",NA,16
"0",2023-05-04,"May","1","w",25,"rapa",NA,16
"0",2023-05-04,"May","8","w",1,"brho",NA,9
"0",2023-05-04,"May","8","w",1,"mear",NA,9
"0",2023-05-04,"May","8","w",1,"poan",NA,9
"0",2023-05-04,"May","8","w",1,"visa",NA,9
"0",2023-05-04,"May","8","w",6,"pore",NA,9
"0",2023-05-04,"May","8","w",6,"to",NA,9
"0",2023-05-04,"May","8","w",20,"gedi",NA,9
"0",2023-05-04,"May","8","w",30,"rapa",NA,9
"0",2023-05-04,"May","8","w",40,"fear",NA,9
"0",2023-05-04,"May","9","w",1,"cegl",NA,10
"0",2023-05-04,"May","9","w",3,"shar",NA,10
"0",2023-05-04,"May","9","w",3,"to",NA,10
"0",2023-05-04,"May","9","w",4,"trre",NA,10
"0",2023-05-04,"May","9","w",10,"rapa",NA,10
"0",2023-05-04,"May","9","w",15,"gedi",NA,10
"0",2023-05-04,"May","9","w",15,"ni_p9_1",NA,10
"0",2023-05-04,"May","9","w",15,"rabu",NA,10
"0",2023-05-04,"May","9","w",25,"fear",NA,10
"0",2023-05-04,"May","9","w",25,"poan",NA,10
"0",2023-05-04,"May","16","w",0.2,"libi",NA,9
"0",2023-05-04,"May","16","w",0.2,"rapa",NA,9
"0",2023-05-04,"May","16","w",0.5,"avst",NA,9
"0",2023-05-04,"May","16","w",0.5,"gemo",NA,9
"0",2023-05-04,"May","16","w",0.5,"mear",NA,9
"0",2023-05-04,"May","16","w",0.5,"shar",NA,9
"0",2023-05-04,"May","16","w",0.5,"to",NA,9
"0",2023-05-04,"May","16","w",1,"coar",NA,9
"0",2023-05-04,"May","16","w",95,"brst",NA,9
"0",2023-05-04,"May","3","p",1,"coar",NA,17
"0",2023-05-04,"May","3","p",1,"poan",NA,17
"0",2023-05-04,"May","3","p",1,"visa",NA,17
"0",2023-05-04,"May","3","p",2,"apar",NA,17
"0",2023-05-04,"May","3","p",2,"bepe",NA,17
"0",2023-05-04,"May","3","p",3,"dagl",NA,17
"0",2023-05-04,"May","3","p",3,"fear",NA,17
"0",2023-05-04,"May","3","p",3,"gedi",NA,17
"0",2023-05-04,"May","3","p",4,"pore",NA,17
"0",2023-05-04,"May","3","p",5,"rapa",NA,17
"0",2023-05-04,"May","3","p",8,"shar",NA,17
"0",2023-05-04,"May","3","p",9,"mear",NA,17
"0",2023-05-04,"May","3","p",10,"to",NA,17
"0",2023-05-04,"May","3","p",10,"tr",NA,17
"0",2023-05-04,"May","3","p",10,"trfr",NA,17
"0",2023-05-04,"May","3","p",25,"brho",NA,17
"0",2023-05-04,"May","3","p",40,"brst",NA,17
"0",2023-05-04,"May","6","p",1,"coar",NA,12
"0",2023-05-04,"May","6","p",1,"trdu",NA,12
"0",2023-05-04,"May","6","p",1,"vepe",NA,12
"0",2023-05-04,"May","6","p",2,"to",NA,12
"0",2023-05-04,"May","6","p",3,"mear",NA,12
"0",2023-05-04,"May","6","p",6,"shar",NA,12
"0",2023-05-04,"May","6","p",8,"dagl",NA,12
"0",2023-05-04,"May","6","p",8,"gedi",NA,12
"0",2023-05-04,"May","6","p",8,"pore",NA,12
"0",2023-05-04,"May","6","p",10,"visa",NA,12
"0",2023-05-04,"May","6","p",15,"rapa",NA,12
"0",2023-05-04,"May","6","p",50,"fear",NA,12
"0",2023-05-04,"May","10","p",1,"bepe",NA,10
"0",2023-05-04,"May","10","p",1,"brho",NA,10
"0",2023-05-04,"May","10","p",3,"coar",NA,10
"0",2023-05-04,"May","10","p",3,"rapa",NA,10
"0",2023-05-04,"May","10","p",5,"mear",NA,10
"0",2023-05-04,"May","10","p",8,"pore",NA,10
"0",2023-05-04,"May","10","p",10,"ni cardo",NA,10
"0",2023-05-04,"May","10","p",10,"to",NA,10
"0",2023-05-04,"May","10","p",15,"visa",NA,10
"0",2023-05-04,"May","10","p",40,"fear",NA,10
"0",2023-05-04,"May","15","p",0.1,"rapa",NA,6
"0",2023-05-04,"May","15","p",0.2,"shar",NA,6
"0",2023-05-04,"May","15","p",0.5,"avst",NA,6
"0",2023-05-04,"May","15","p",0.5,"gemo",NA,6
"0",2023-05-04,"May","15","p",2,"trre",NA,6
"0",2023-05-04,"May","15","p",95,"brst",NA,6
"0",2023-05-04,"May","4","wp",1,"gafr",NA,12
"0",2023-05-04,"May","4","wp",1,"mear",NA,12
"0",2023-05-04,"May","4","wp",1,"visa",NA,12
"0",2023-05-04,"May","4","wp",2,"plla",NA,12
"0",2023-05-04,"May","4","wp",3,"cardo",NA,12
"0",2023-05-04,"May","4","wp",3,"trre",NA,12
"0",2023-05-04,"May","4","wp",10,"shar",NA,12
"0",2023-05-04,"May","4","wp",15,"avst",NA,12
"0",2023-05-04,"May","4","wp",15,"brho",NA,12
"0",2023-05-04,"May","4","wp",15,"gedi",NA,12
"0",2023-05-04,"May","4","wp",20,"brst",NA,12
"0",2023-05-04,"May","4","wp",30,"rapa",NA,12
"0",2023-05-04,"May","5","wp",1,"bepe",NA,12
"0",2023-05-04,"May","5","wp",1,"rabu",NA,12
"0",2023-05-04,"May","5","wp",2,"rapa",NA,12
"0",2023-05-04,"May","5","wp",4,"shar",NA,12
"0",2023-05-04,"May","5","wp",5,"coar",NA,12
"0",2023-05-04,"May","5","wp",6,"to",NA,12
"0",2023-05-04,"May","5","wp",8,"fear",NA,12
"0",2023-05-04,"May","5","wp",10,"brst",NA,12
"0",2023-05-04,"May","5","wp",10,"gedi",NA,12
"0",2023-05-04,"May","5","wp",13,"mear",NA,12
"0",2023-05-04,"May","5","wp",15,"poan",NA,12
"0",2023-05-04,"May","5","wp",20,"visa",NA,12
"0",2023-05-04,"May","12","wp",1,"brho",NA,15
"0",2023-05-04,"May","12","wp",1,"brst",NA,15
"0",2023-05-04,"May","12","wp",1,"cegl",NA,15
"0",2023-05-04,"May","12","wp",1,"opap",NA,15
"0",2023-05-04,"May","12","wp",1,"rabu",NA,15
"0",2023-05-04,"May","12","wp",2,"gedi",NA,15
"0",2023-05-04,"May","12","wp",2,"libi",NA,15
"0",2023-05-04,"May","12","wp",2,"shar",NA,15
"0",2023-05-04,"May","12","wp",3,"bepe",NA,15
"0",2023-05-04,"May","12","wp",3,"plla",NA,15
"0",2023-05-04,"May","12","wp",5,"trre",NA,15
"0",2023-05-04,"May","12","wp",6,"mear",NA,15
"0",2023-05-04,"May","12","wp",12,"rapa",NA,15
"0",2023-05-04,"May","12","wp",15,"to",NA,15
"0",2023-05-04,"May","12","wp",45,"elre",NA,15
"0",2023-05-04,"May","13","wp",1,"cegl",NA,10
"0",2023-05-04,"May","13","wp",1,"poan",NA,10
"0",2023-05-04,"May","13","wp",1,"rapa",NA,10
"0",2023-05-04,"May","13","wp",3,"brho",NA,10
"0",2023-05-04,"May","13","wp",3,"mear",NA,10
"0",2023-05-04,"May","13","wp",3,"vepe",NA,10
"0",2023-05-04,"May","13","wp",4,"cadi",NA,10
"0",2023-05-04,"May","13","wp",5,"gedi",NA,10
"0",2023-05-04,"May","13","wp",7,"shar",NA,10
"0",2023-05-04,"May","13","wp",80,"brst",NA,10
"1",2023-05-16,"May","2","c",0.2,"poan",NA,18
"1",2023-05-16,"May","2","c",0.5,"apar",NA,18
"1",2023-05-16,"May","2","c",0.5,"gafr",NA,18
"1",2023-05-16,"May","2","c",0.5,"gemo",NA,18
"1",2023-05-16,"May","2","c",1,"gedi",NA,18
"1",2023-05-16,"May","2","c",1,"plla",NA,18
"1",2023-05-16,"May","2","c",2,"trdu",NA,18
"1",2023-05-16,"May","2","c",2,"visa",NA,18
"1",2023-05-16,"May","2","c",3,"cegl",NA,18
"1",2023-05-16,"May","2","c",3,"rabu",NA,18
"1",2023-05-16,"May","2","c",3,"trfr",NA,18
"1",2023-05-16,"May","2","c",5,"shar",NA,18
"1",2023-05-16,"May","2","c",5,"trre",NA,18
"1",2023-05-16,"May","2","c",6,"rapa",NA,18
"1",2023-05-16,"May","2","c",6,"to",NA,18
"1",2023-05-16,"May","2","c",8,"mear",NA,18
"1",2023-05-16,"May","2","c",20,"brho",NA,18
"1",2023-05-16,"May","2","c",30,"brst",NA,18
"1",2023-05-16,"May","7","c",1,"anpy",NA,14
"1",2023-05-16,"May","7","c",1,"gedi",NA,14
"1",2023-05-16,"May","7","c",1,"opap",NA,14
"1",2023-05-16,"May","7","c",1,"rapa",NA,14
"1",2023-05-16,"May","7","c",2,"shar",NA,14
"1",2023-05-16,"May","7","c",3,"plla",NA,14
"1",2023-05-16,"May","7","c",4,"visa",NA,14
"1",2023-05-16,"May","7","c",6,"to",NA,14
"1",2023-05-16,"May","7","c",7,"coar",NA,14
"1",2023-05-16,"May","7","c",7,"rabu",NA,14
"1",2023-05-16,"May","7","c",9,"pore",NA,14
"1",2023-05-16,"May","7","c",10,"mear",NA,14
"1",2023-05-16,"May","7","c",15,"poan",NA,14
"1",2023-05-16,"May","7","c",60,"fear",NA,14
"1",2023-05-16,"May","11","c",1,"cegl",NA,13
"1",2023-05-16,"May","11","c",1,"poan",NA,13
"1",2023-05-16,"May","11","c",1,"trdu",NA,13
"1",2023-05-16,"May","11","c",2,"gedi",NA,13
"1",2023-05-16,"May","11","c",2,"plla",NA,13
"1",2023-05-16,"May","11","c",2,"shar",NA,13
"1",2023-05-16,"May","11","c",3,"vear",NA,13
"1",2023-05-16,"May","11","c",4,"bepe",NA,13
"1",2023-05-16,"May","11","c",5,"rabu",NA,13
"1",2023-05-16,"May","11","c",6,"brho",NA,13
"1",2023-05-16,"May","11","c",8,"mear",NA,13
"1",2023-05-16,"May","11","c",10,"trre",NA,13
"1",2023-05-16,"May","11","c",60,"elre",NA,13
"1",2023-05-16,"May","14","c",0.5,"loco",NA,25
"1",2023-05-16,"May","14","c",1,"cegl",NA,25
"1",2023-05-16,"May","14","c",1,"crca",NA,25
"1",2023-05-16,"May","14","c",1,"pobu",NA,25
"1",2023-05-16,"May","14","c",2,"avst",NA,25
"1",2023-05-16,"May","14","c",2,"bepe",NA,25
"1",2023-05-16,"May","14","c",2,"cyec",NA,25
"1",2023-05-16,"May","14","c",2,"libi",NA,25
"1",2023-05-16,"May","14","c",2,"trdu",NA,25
"1",2023-05-16,"May","14","c",3,"gedi",NA,25
"1",2023-05-16,"May","14","c",3,"valo",NA,25
"1",2023-05-16,"May","14","c",3,"vepe",NA,25
"1",2023-05-16,"May","14","c",4,"brst",NA,25
"1",2023-05-16,"May","14","c",4,"dagl",NA,25
"1",2023-05-16,"May","14","c",4,"trre",NA,25
"1",2023-05-16,"May","14","c",5,"mear",NA,25
"1",2023-05-16,"May","14","c",5,"rabu",NA,25
"1",2023-05-16,"May","14","c",5,"shar",NA,25
"1",2023-05-16,"May","14","c",6,"coar",NA,25
"1",2023-05-16,"May","14","c",6,"plla",NA,25
"1",2023-05-16,"May","14","c",6,"poan",NA,25
"1",2023-05-16,"May","14","c",6,"to",NA,25
"1",2023-05-16,"May","14","c",6,"visa",NA,25
"1",2023-05-16,"May","14","c",9,"rapa",NA,25
"1",2023-05-16,"May","14","c",12,"brho",NA,25
"1",2023-05-16,"May","1","w",0.5,"cegl",NA,16
"1",2023-05-16,"May","1","w",1,"bepe",NA,16
"1",2023-05-16,"May","1","w",1,"hyra",NA,16
"1",2023-05-16,"May","1","w",3,"apar",NA,16
"1",2023-05-16,"May","1","w",3,"poan",NA,16
"1",2023-05-16,"May","1","w",3,"to",NA,16
"1",2023-05-16,"May","1","w",4,"gedi",NA,16
"1",2023-05-16,"May","1","w",4,"visa",NA,16
"1",2023-05-16,"May","1","w",6,"trdu",NA,16
"1",2023-05-16,"May","1","w",8,"mear",NA,16
"1",2023-05-16,"May","1","w",8,"shar",NA,16
"1",2023-05-16,"May","1","w",10,"rapa",NA,16
"1",2023-05-16,"May","1","w",12,"plla",NA,16
"1",2023-05-16,"May","1","w",15,"brho",NA,16
"1",2023-05-16,"May","1","w",20,"brst",NA,16
"1",2023-05-16,"May","1","w",20,"fear",NA,16
"1",2023-05-16,"May","8","w",1,"apar",NA,12
"1",2023-05-16,"May","8","w",1,"brho",NA,12
"1",2023-05-16,"May","8","w",1,"fear",NA,12
"1",2023-05-16,"May","8","w",1,"trre",NA,12
"1",2023-05-16,"May","8","w",2,"mear",NA,12
"1",2023-05-16,"May","8","w",2,"poan",NA,12
"1",2023-05-16,"May","8","w",3,"coar",NA,12
"1",2023-05-16,"May","8","w",3,"to",NA,12
"1",2023-05-16,"May","8","w",4,"pore",NA,12
"1",2023-05-16,"May","8","w",25,"gedi",NA,12
"1",2023-05-16,"May","8","w",25,"rapa",NA,12
"1",2023-05-16,"May","8","w",30,"elre",NA,12
"1",2023-05-16,"May","9","w",2,"bepe",NA,11
"1",2023-05-16,"May","9","w",3,"brho",NA,11
"1",2023-05-16,"May","9","w",3,"cegl",NA,11
"1",2023-05-16,"May","9","w",4,"poan",NA,11
"1",2023-05-16,"May","9","w",5,"to",NA,11
"1",2023-05-16,"May","9","w",7,"rapa",NA,11
"1",2023-05-16,"May","9","w",8,"shar",NA,11
"1",2023-05-16,"May","9","w",10,"trre",NA,11
"1",2023-05-16,"May","9","w",12,"rabu",NA,11
"1",2023-05-16,"May","9","w",15,"gedi",NA,11
"1",2023-05-16,"May","9","w",50,"elre",NA,11
"1",2023-05-16,"May","16","w",1,"gemo",NA,12
"1",2023-05-16,"May","16","w",1,"libi",NA,12
"1",2023-05-16,"May","16","w",1,"shar",NA,12
"1",2023-05-16,"May","16","w",1,"visa",NA,12
"1",2023-05-16,"May","16","w",2,"brho",NA,12
"1",2023-05-16,"May","16","w",2,"dagl",NA,12
"1",2023-05-16,"May","16","w",2,"mear",NA,12
"1",2023-05-16,"May","16","w",2,"to",NA,12
"1",2023-05-16,"May","16","w",3,"homu",NA,12
"1",2023-05-16,"May","16","w",4,"coar",NA,12
"1",2023-05-16,"May","16","w",35,"avst",NA,12
"1",2023-05-16,"May","16","w",55,"brst",NA,12
"1",2023-05-16,"May","3","p",NA,NA,NA,NA
"1",2023-05-16,"May","6","p",NA,NA,NA,NA
"1",2023-05-16,"May","10","p",NA,NA,NA,NA
"1",2023-05-16,"May","15","p",NA,NA,NA,NA
"1",2023-05-16,"May","4","wp",NA,NA,NA,NA
"1",2023-05-16,"May","5","wp",NA,NA,NA,NA
"1",2023-05-16,"May","12","wp",NA,NA,NA,NA
"1",2023-05-16,"May","13","wp",NA,NA,NA,NA
"2",2023-06-14,"Jun","2","c",2,"cyec",NA,12
"2",2023-06-14,"Jun","2","c",2,"homu",NA,12
"2",2023-06-14,"Jun","2","c",2,"mear",NA,12
"2",2023-06-14,"Jun","2","c",2,"shar",NA,12
"2",2023-06-14,"Jun","2","c",2,"visa",NA,12
"2",2023-06-14,"Jun","2","c",3,"trfr",NA,12
"2",2023-06-14,"Jun","2","c",3,"trre",NA,12
"2",2023-06-14,"Jun","2","c",4,"plla",NA,12
"2",2023-06-14,"Jun","2","c",4,"rapa",NA,12
"2",2023-06-14,"Jun","2","c",15,"brho",NA,12
"2",2023-06-14,"Jun","2","c",22,"to",NA,12
"2",2023-06-14,"Jun","2","c",35,"brst",NA,12
"2",2023-06-14,"Jun","7","c",1,"anpy",NA,17
"2",2023-06-14,"Jun","7","c",2,"plla",NA,17
"2",2023-06-14,"Jun","7","c",2,"rucr",NA,17
"2",2023-06-14,"Jun","7","c",3,"gedi",NA,17
"2",2023-06-14,"Jun","7","c",3,"opap",NA,17
"2",2023-06-14,"Jun","7","c",3,"rapa",NA,17
"2",2023-06-14,"Jun","7","c",3,"to",NA,17
"2",2023-06-14,"Jun","7","c",4,"mear",NA,17
"2",2023-06-14,"Jun","7","c",4,"rabu",NA,17
"2",2023-06-14,"Jun","7","c",5,"fear",NA,17
"2",2023-06-14,"Jun","7","c",5,"shar",NA,17
"2",2023-06-14,"Jun","7","c",5,"visa",NA,17
"2",2023-06-14,"Jun","7","c",7,"coar",NA,17
"2",2023-06-14,"Jun","7","c",8,"pore",NA,17
"2",2023-06-14,"Jun","7","c",10,"brho",NA,17
"2",2023-06-14,"Jun","7","c",20,"poan",NA,17
"2",2023-06-14,"Jun","7","c",28,"elre",NA,17
"2",2023-06-14,"Jun","11","c",1,"gafr",NA,15
"2",2023-06-14,"Jun","11","c",1,"gemo",NA,15
"2",2023-06-14,"Jun","11","c",1,"shar",NA,15
"2",2023-06-14,"Jun","11","c",1,"trdu",NA,15
"2",2023-06-14,"Jun","11","c",2,"bepe",NA,15
"2",2023-06-14,"Jun","11","c",2,"gedi",NA,15
"2",2023-06-14,"Jun","11","c",2,"plla",NA,15
"2",2023-06-14,"Jun","11","c",3,"vear",NA,15
"2",2023-06-14,"Jun","11","c",5,"trre",NA,15
"2",2023-06-14,"Jun","11","c",6,"mear",NA,15
"2",2023-06-14,"Jun","11","c",6,"poan",NA,15
"2",2023-06-14,"Jun","11","c",6,"rabu",NA,15
"2",2023-06-14,"Jun","11","c",15,"brho",NA,15
"2",2023-06-14,"Jun","11","c",17,"trfr",NA,15
"2",2023-06-14,"Jun","11","c",30,"elre",NA,15
"2",2023-06-14,"Jun","14","c",1,"bepe",NA,20
"2",2023-06-14,"Jun","14","c",1,"loco",NA,20
"2",2023-06-14,"Jun","14","c",2,"crca",NA,20
"2",2023-06-14,"Jun","14","c",2,"cyec",NA,20
"2",2023-06-14,"Jun","14","c",2,"poan",NA,20
"2",2023-06-14,"Jun","14","c",3,"trdu",NA,20
"2",2023-06-14,"Jun","14","c",3,"trre",NA,20
"2",2023-06-14,"Jun","14","c",4,"dagl",NA,20
"2",2023-06-14,"Jun","14","c",4,"rabu",NA,20
"2",2023-06-14,"Jun","14","c",6,"mear",NA,20
"2",2023-06-14,"Jun","14","c",6,"shar",NA,20
"2",2023-06-14,"Jun","14","c",7,"coar",NA,20
"2",2023-06-14,"Jun","14","c",7,"visa",NA,20
"2",2023-06-14,"Jun","14","c",8,"to",NA,20
"2",2023-06-14,"Jun","14","c",9,"plla",NA,20
"2",2023-06-14,"Jun","14","c",10,"rapa",NA,20
"2",2023-06-14,"Jun","14","c",12,"libi",NA,20
"2",2023-06-14,"Jun","14","c",13,"brho",NA,20
"2",2023-06-14,"Jun","14","c",14,"gedi",NA,20
"2",2023-06-14,"Jun","14","c",15,"avst",NA,20
"2",2023-06-14,"Jun","1","w",1,"cadi",NA,16
"2",2023-06-14,"Jun","1","w",1,"cyec",NA,16
"2",2023-06-14,"Jun","1","w",1,"dagl",NA,16
"2",2023-06-14,"Jun","1","w",2,"gedi",NA,16
"2",2023-06-14,"Jun","1","w",2,"hyra",NA,16
"2",2023-06-14,"Jun","1","w",2,"mear",NA,16
"2",2023-06-14,"Jun","1","w",2,"shar",NA,16
"2",2023-06-14,"Jun","1","w",2,"to",NA,16
"2",2023-06-14,"Jun","1","w",3,"avst",NA,16
"2",2023-06-14,"Jun","1","w",4,"melu",NA,16
"2",2023-06-14,"Jun","1","w",5,"rapa",NA,16
"2",2023-06-14,"Jun","1","w",5,"visa",NA,16
"2",2023-06-14,"Jun","1","w",6,"plla",NA,16
"2",2023-06-14,"Jun","1","w",10,"brho",NA,16
"2",2023-06-14,"Jun","1","w",10,"brst",NA,16
"2",2023-06-14,"Jun","1","w",35,"fear",NA,16
"2",2023-06-14,"Jun","8","w",1,"bepe",NA,12
"2",2023-06-14,"Jun","8","w",1,"brho",NA,12
"2",2023-06-14,"Jun","8","w",1,"fear",NA,12
"2",2023-06-14,"Jun","8","w",1,"poan",NA,12
"2",2023-06-14,"Jun","8","w",3,"coar",NA,12
"2",2023-06-14,"Jun","8","w",3,"trre",NA,12
"2",2023-06-14,"Jun","8","w",6,"mear",NA,12
"2",2023-06-14,"Jun","8","w",8,"to",NA,12
"2",2023-06-14,"Jun","8","w",10,"pore",NA,12
"2",2023-06-14,"Jun","8","w",20,"gedi",NA,12
"2",2023-06-14,"Jun","8","w",20,"rapa",NA,12
"2",2023-06-14,"Jun","8","w",24,"elre",NA,12
"2",2023-06-14,"Jun","9","w",0.5,"cegl",NA,16
"2",2023-06-14,"Jun","9","w",0.5,"opap",NA,16
"2",2023-06-14,"Jun","9","w",0.5,"vear",NA,16
"2",2023-06-14,"Jun","9","w",1,"bepe",NA,16
"2",2023-06-14,"Jun","9","w",1,"gafr",NA,16
"2",2023-06-14,"Jun","9","w",2,"cadi",NA,16
"2",2023-06-14,"Jun","9","w",3,"brho",NA,16
"2",2023-06-14,"Jun","9","w",3,"dagl",NA,16
"2",2023-06-14,"Jun","9","w",3,"rapa",NA,16
"2",2023-06-14,"Jun","9","w",4,"shar",NA,16
"2",2023-06-14,"Jun","9","w",6,"rabu",NA,16
"2",2023-06-14,"Jun","9","w",7,"trre",NA,16
"2",2023-06-14,"Jun","9","w",9,"to",NA,16
"2",2023-06-14,"Jun","9","w",10,"gedi",NA,16
"2",2023-06-14,"Jun","9","w",15,"poan",NA,16
"2",2023-06-14,"Jun","9","w",30,"elre",NA,16
"2",2023-06-14,"Jun","16","w",1,"visa",NA,10
"2",2023-06-14,"Jun","16","w",2,"homu",NA,10
"2",2023-06-14,"Jun","16","w",2,"mear",NA,10
"2",2023-06-14,"Jun","16","w",3,"cyec",NA,10
"2",2023-06-14,"Jun","16","w",3,"shar",NA,10
"2",2023-06-14,"Jun","16","w",3,"to",NA,10
"2",2023-06-14,"Jun","16","w",4,"libi",NA,10
"2",2023-06-14,"Jun","16","w",7,"coar",NA,10
"2",2023-06-14,"Jun","16","w",18,"avst",NA,10
"2",2023-06-14,"Jun","16","w",30,"brst",NA,10
"2",2023-06-14,"Jun","3","p",0.5,"pore",NA,5
"2",2023-06-14,"Jun","3","p",0.5,"trfr",NA,5
"2",2023-06-14,"Jun","3","p",0.8,"coar",NA,5
"2",2023-06-14,"Jun","3","p",1,"fear",NA,5
"2",2023-06-14,"Jun","3","p",1.5,"dagl",NA,5
"2",2023-06-14,"Jun","6","p",0.9,"pore",NA,3
"2",2023-06-14,"Jun","6","p",1,"elre",NA,3
"2",2023-06-14,"Jun","6","p",1.5,"fear",NA,3
"2",2023-06-14,"Jun","10","p",0.7,"pore",NA,3
"2",2023-06-14,"Jun","10","p",1.2,"coar",NA,3
"2",2023-06-14,"Jun","10","p",1.5,"elre",NA,3
"2",2023-06-14,"Jun","15","p",1,"elre",NA,1
"2",2023-06-14,"Jun","4","wp",0.1,"asteraceacardosa",NA,7
"2",2023-06-14,"Jun","4","wp",0.1,"dagl",NA,7
"2",2023-06-14,"Jun","4","wp",0.5,"trre",NA,7
"2",2023-06-14,"Jun","4","wp",0.8,"cadi",NA,7
"2",2023-06-14,"Jun","4","wp",1,"plla",NA,7
"2",2023-06-14,"Jun","4","wp",2,"elre",NA,7
"2",2023-06-14,"Jun","4","wp",2,"fear",NA,7
"2",2023-06-14,"Jun","5","wp",0.2,"ni_orquidea",NA,4
"2",2023-06-14,"Jun","5","wp",1,"coar",NA,4
"2",2023-06-14,"Jun","5","wp",2,"cadi",NA,4
"2",2023-06-14,"Jun","5","wp",5,"fear",NA,4
"2",2023-06-14,"Jun","12","wp",0.8,"trre",NA,2
"2",2023-06-14,"Jun","12","wp",7,"elre",NA,2
"2",2023-06-14,"Jun","13","wp",0.2,"plla",NA,2
"2",2023-06-14,"Jun","13","wp",1,"elre",NA,2
"3",2023-06-28,"Jun","2","c",1,"gemo",0.0633583422298896,10
"3",2023-06-28,"Jun","2","c",1,"trfr",0.0759564557868805,10
"3",2023-06-28,"Jun","2","c",2,"cyec",0.0944912290415867,10
"3",2023-06-28,"Jun","2","c",2,"libi",0.10392271174469,10
"3",2023-06-28,"Jun","2","c",3,"hyra",NA,10
"3",2023-06-28,"Jun","2","c",3,"trre",0.630766870182765,10
"3",2023-06-28,"Jun","2","c",4,"bepe",NA,10
"3",2023-06-28,"Jun","2","c",4,"to",0.0990226733052753,10
"3",2023-06-28,"Jun","2","c",5,"plla",2.23184600176972,10
"3",2023-06-28,"Jun","2","c",15,"dagl",137.639942013958,10
"3",2023-06-28,"Jun","7","c",1,"anpy",0.216625348932389,9
"3",2023-06-28,"Jun","7","c",1,"rabu",0.0984572701965647,9
"3",2023-06-28,"Jun","7","c",1,"rucr",0.150161466737125,9
"3",2023-06-28,"Jun","7","c",5,"coar",1.88178481107515,9
"3",2023-06-28,"Jun","7","c",6,"plla",4.1330242693175,9
"3",2023-06-28,"Jun","7","c",11,"to",0.890501144797549,9
"3",2023-06-28,"Jun","7","c",15,"pore",8.60231052711971,9
"3",2023-06-28,"Jun","7","c",30,"elre",8.69977904405449,9
"3",2023-06-28,"Jun","7","c",40,"poan",21.3231450843749,9
"3",2023-06-28,"Jun","11","c",2,"gafr",NA,7
"3",2023-06-28,"Jun","11","c",2,"trre",NA,7
"3",2023-06-28,"Jun","11","c",3,"plla",NA,7
"3",2023-06-28,"Jun","11","c",4,"cyec",NA,7
"3",2023-06-28,"Jun","11","c",10,"poan",5.77257829611314,7
"3",2023-06-28,"Jun","11","c",12,"trfr",2.98064119462324,7
"3",2023-06-28,"Jun","11","c",65,"elre",22.5384668736898,7
"3",2023-06-28,"Jun","14","c",2,"bepe",NA,14
"3",2023-06-28,"Jun","14","c",2,"gedi",NA,14
"3",2023-06-28,"Jun","14","c",2,"shar",NA,14
"3",2023-06-28,"Jun","14","c",2,"trre",NA,14
"3",2023-06-28,"Jun","14","c",4,"rabu",NA,14
"3",2023-06-28,"Jun","14","c",6,"plla",7.82377384174766,14
"3",2023-06-28,"Jun","14","c",8,"coar",0.287807981155804,14
"3",2023-06-28,"Jun","14","c",10,"poan",6.03497406944522,14
"3",2023-06-28,"Jun","14","c",12,"cyec",0.931663910432818,14
"3",2023-06-28,"Jun","14","c",15,"avst",33.7999044581478,14
"3",2023-06-28,"Jun","14","c",15,"to",8.24622001787973,14
"3",2023-06-28,"Jun","14","c",18,"libi",1.71273920941229,14
"3",2023-06-28,"Jun","14","c",20,"elre",4.53173151163657,14
"3",2023-06-28,"Jun","14","c",20,"fear",85.4511853959852,14
"3",2023-06-28,"Jun","1","w",1,"cegl",NA,14
"3",2023-06-28,"Jun","1","w",1,"crca",0.465296454885237,14
"3",2023-06-28,"Jun","1","w",1,"gedi",NA,14
"3",2023-06-28,"Jun","1","w",2,"brst",NA,14
"3",2023-06-28,"Jun","1","w",2,"cadi",7.68512878013569,14
"3",2023-06-28,"Jun","1","w",2,"visa",1.1416492773933,14
"3",2023-06-28,"Jun","1","w",3,"shar",0.040356935658061,14
"3",2023-06-28,"Jun","1","w",3,"to",0.219752247141974,14
"3",2023-06-28,"Jun","1","w",4,"melu",2.53697881290769,14
"3",2023-06-28,"Jun","1","w",5,"avst",1.30514292649699,14
"3",2023-06-28,"Jun","1","w",5,"cyec",0.175807811315544,14
"3",2023-06-28,"Jun","1","w",6,"hyra",3.36934409752188,14
"3",2023-06-28,"Jun","1","w",10,"plla",3.26378459549401,14
"3",2023-06-28,"Jun","1","w",50,"fear",667.722325653321,14
"3",2023-06-28,"Jun","8","w",1,"cegl",0.00528793931573659,8
"3",2023-06-28,"Jun","8","w",1,"rapa",NA,8
"3",2023-06-28,"Jun","8","w",2,"coar",0.401034964626616,8
"3",2023-06-28,"Jun","8","w",2,"gedi",0.765275272325874,8
"3",2023-06-28,"Jun","8","w",2,"trre",0.485467004444675,8
"3",2023-06-28,"Jun","8","w",10,"pore",3.29950827978553,8
"3",2023-06-28,"Jun","8","w",20,"to",115.589820374851,8
"3",2023-06-28,"Jun","8","w",30,"elre",17.2859880667902,8
"3",2023-06-28,"Jun","9","w",1.5,"trre",1.18807332218243,12
"3",2023-06-28,"Jun","9","w",2,"bepe",NA,12
"3",2023-06-28,"Jun","9","w",2,"cyec",NA,12
"3",2023-06-28,"Jun","9","w",2,"shar",0.0283221698682997,12
"3",2023-06-28,"Jun","9","w",3,"cegl",0.207675156437681,12
"3",2023-06-28,"Jun","9","w",3,"gedi",NA,12
"3",2023-06-28,"Jun","9","w",5,"to",1.74761531631612,12
"3",2023-06-28,"Jun","9","w",8,"gafr",0.937873196561716,12
"3",2023-06-28,"Jun","9","w",10,"fear",22.3689785530587,12
"3",2023-06-28,"Jun","9","w",10,"poan",NA,12
"3",2023-06-28,"Jun","9","w",10,"rabu",6.22856282105201,12
"3",2023-06-28,"Jun","9","w",40,"elre",20.3610655848366,12
"3",2023-06-28,"Jun","16","w",1,"plla",0.716997268806216,9
"3",2023-06-28,"Jun","16","w",2,"cadi",8.20335213948542,9
"3",2023-06-28,"Jun","16","w",2,"libi",0.101004492192357,9
"3",2023-06-28,"Jun","16","w",2,"to",0.0422124497991867,9
"3",2023-06-28,"Jun","16","w",3,"dagl",16.0725142206769,9
"3",2023-06-28,"Jun","16","w",4,"cyec",0.393098689206635,9
"3",2023-06-28,"Jun","16","w",6,"fear",18.1928963284008,9
"3",2023-06-28,"Jun","16","w",10,"avst",6.62157490567282,9
"3",2023-06-28,"Jun","16","w",15,"coar",4.53206013512209,9
"3",2023-06-28,"Jun","3","p",1,"fear",1.21068507771337,12
"3",2023-06-28,"Jun","3","p",1,"kisp",0.254573678940592,12
"3",2023-06-28,"Jun","3","p",1,"ni_brasicacea_flores_amarillas",1.41528100918396,12
"3",2023-06-28,"Jun","3","p",2,"coar",1.10295485702357,12
"3",2023-06-28,"Jun","3","p",2,"lyar",0.406385878240407,12
"3",2023-06-28,"Jun","3","p",2,"plla",1.59753327397861,12
"3",2023-06-28,"Jun","3","p",2,"shar",0.0990859850869189,12
"3",2023-06-28,"Jun","3","p",3,"dagl",6.94540229638224,12
"3",2023-06-28,"Jun","3","p",3,"trfr",0.940229910701879,12
"3",2023-06-28,"Jun","3","p",4,"ch",0.384941241555229,12
"3",2023-06-28,"Jun","3","p",4,"elre",0.843559751607121,12
"3",2023-06-28,"Jun","3","p",6,"pore",2.23526148352981,12
"3",2023-06-28,"Jun","6","p",1,"mear",NA,6
"3",2023-06-28,"Jun","6","p",2,"coar",0.425852351200667,6
"3",2023-06-28,"Jun","6","p",6,"shar",24.4432249028653,6
"3",2023-06-28,"Jun","6","p",7,"elre",2.15886560058862,6
"3",2023-06-28,"Jun","6","p",15,"fear",63.6092892988221,6
"3",2023-06-28,"Jun","6","p",15,"pore",12.3814670740582,6
"3",2023-06-28,"Jun","10","p",1,"gedi",NA,7
"3",2023-06-28,"Jun","10","p",1,"shar",NA,7
"3",2023-06-28,"Jun","10","p",1,"vepe",0.14991907264751,7
"3",2023-06-28,"Jun","10","p",2,"plla",1.06999896226631,7
"3",2023-06-28,"Jun","10","p",8,"pore",2.77244331374039,7
"3",2023-06-28,"Jun","10","p",10,"coar",6.90236000457692,7
"3",2023-06-28,"Jun","10","p",12,"elre",3.56839009173412,7
"3",2023-06-28,"Jun","15","p",1,"am",0.124159517885967,4
"3",2023-06-28,"Jun","15","p",1,"mean",0.082423468377984,4
"3",2023-06-28,"Jun","15","p",3,"elre",0.222034473411067,4
"3",2023-06-28,"Jun","15","p",4,"brst",NA,4
"3",2023-06-28,"Jun","4","wp",1,"ch",0.0913263664584693,8
"3",2023-06-28,"Jun","4","wp",1,"ni_cardo",0.207315639620346,8
"3",2023-06-28,"Jun","4","wp",1,"trre",0.659699046476957,8
"3",2023-06-28,"Jun","4","wp",2,"cadi",2.07894133201091,8
"3",2023-06-28,"Jun","4","wp",2,"lyar",0.20908821062357,8
"3",2023-06-28,"Jun","4","wp",3,"shar",0.29063374399029,8
"3",2023-06-28,"Jun","4","wp",4,"elre",0.8369798616279,8
"3",2023-06-28,"Jun","4","wp",4,"plla",1.69822754969253,8
"3",2023-06-28,"Jun","5","wp",1,"trre",0.0307333096300894,7
"3",2023-06-28,"Jun","5","wp",1,"visa",0.0694345858844204,7
"3",2023-06-28,"Jun","5","wp",2,"plla",0.794294970129611,7
"3",2023-06-28,"Jun","5","wp",2,"shar",0.0805748237623144,7
"3",2023-06-28,"Jun","5","wp",8,"fear",5.68100990878929,7
"3",2023-06-28,"Jun","5","wp",15,"coar",11.6720126843575,7
"3",2023-06-28,"Jun","5","wp",18,"elre",2.93728887757887,7
"3",2023-06-28,"Jun","12","wp",1,"melu",1.39493028421989,5
"3",2023-06-28,"Jun","12","wp",2,"coar",0.251556632758802,5
"3",2023-06-28,"Jun","12","wp",2,"trre",0.457303997792464,5
"3",2023-06-28,"Jun","12","wp",3,"shar",0.0949472308167479,5
"3",2023-06-28,"Jun","12","wp",25,"elre",6.51760154365882,5
"3",2023-06-28,"Jun","13","wp",1,"brho",0.099889281925025,8
"3",2023-06-28,"Jun","13","wp",1,"shar",0.0202288022733556,8
"3",2023-06-28,"Jun","13","wp",1,"vepe",0.0173727519215045,8
"3",2023-06-28,"Jun","13","wp",2,"gafr",NA,8
"3",2023-06-28,"Jun","13","wp",2,"plla",0.815075355484713,8
"3",2023-06-28,"Jun","13","wp",3,"brst",NA,8
"3",2023-06-28,"Jun","13","wp",8,"elre",2.42957676459734,8
"3",2023-06-28,"Jun","13","wp",40,"fear",NA,8
"4",2023-07-11,"Jul","2","c",1,"cegl",0.0226151531923945,5
"4",2023-07-11,"Jul","2","c",2,"asteraceae",1.47582189123039,5
"4",2023-07-11,"Jul","2","c",3,"trfr",1.52095434499986,5
"4",2023-07-11,"Jul","2","c",5,"plla",3.47562919005056,5
"4",2023-07-11,"Jul","2","c",20,"dagl",99.3580414610963,5
"4",2023-07-11,"Jul","7","c",8,"plla",4.12042221434583,6
"4",2023-07-11,"Jul","7","c",10,"coar",2.0332177321139,6
"4",2023-07-11,"Jul","7","c",10,"elre",1.03057594271379,6
"4",2023-07-11,"Jul","7","c",12,"fear",78.8281486318136,6
"4",2023-07-11,"Jul","7","c",20,"pore",3.83297250388654,6
"4",2023-07-11,"Jul","7","c",40,"poan",8.94667369995512,6
"4",2023-07-11,"Jul","11","c",1,"plla",0.586519603597689,5
"4",2023-07-11,"Jul","11","c",1,"trre",0.395212061428291,5
"4",2023-07-11,"Jul","11","c",15,"trfr",1.77504606613272,5
"4",2023-07-11,"Jul","11","c",20,"fear",57.6959212043524,5
"4",2023-07-11,"Jul","11","c",35,"elre",13.002959388931,5
"4",2023-07-11,"Jul","14","c",6,"coar",0.897481800135769,6
"4",2023-07-11,"Jul","14","c",7,"libi",1.02834693683818,6
"4",2023-07-11,"Jul","14","c",7,"to",2.14731860330334,6
"4",2023-07-11,"Jul","14","c",10,"dagl",42.4113928208209,6
"4",2023-07-11,"Jul","14","c",18,"fear",80.7771469866036,6
"4",2023-07-11,"Jul","14","c",20,"elre",4.87233956409362,6
"4",2023-07-11,"Jul","1","w",0.5,"cegl",0.00320300939421395,7
"4",2023-07-11,"Jul","1","w",1,"cyec",0.024745784830756,7
"4",2023-07-11,"Jul","1","w",1,"hyra",0.214954481066451,7
"4",2023-07-11,"Jul","1","w",2.5,"bepe",0.0146335962542466,7
"4",2023-07-11,"Jul","1","w",5,"cadi",6.83379890142257,7
"4",2023-07-11,"Jul","1","w",15,"plla",6.26579195071091,7
"4",2023-07-11,"Jul","1","w",30,"fear",523.135772034951,7
"4",2023-07-11,"Jul","8","w",1,"cegl",0.00545992346775406,6
"4",2023-07-11,"Jul","8","w",1,"fear",0.270418460663969,6
"4",2023-07-11,"Jul","8","w",2,"coar",0.440437154492734,6
"4",2023-07-11,"Jul","8","w",10,"pore",2.32028634339332,6
"4",2023-07-11,"Jul","8","w",14,"poan",2.21222573586228,6
"4",2023-07-11,"Jul","8","w",45,"elre",24.7565391606728,6
"4",2023-07-11,"Jul","9","w",1,"cegl",0.0951788236518923,8
"4",2023-07-11,"Jul","9","w",2,"bepe",0.429983487776968,8
"4",2023-07-11,"Jul","9","w",2,"shar",0.00719771365616936,8
"4",2023-07-11,"Jul","9","w",2,"trre",0.360497485104789,8
"4",2023-07-11,"Jul","9","w",7,"dagl",65.9740385026762,8
"4",2023-07-11,"Jul","9","w",8,"to",2.10503602937379,8
"4",2023-07-11,"Jul","9","w",15,"fear",33.6221663093005,8
"4",2023-07-11,"Jul","9","w",40,"elre",8.86318304395911,8
"4",2023-07-11,"Jul","16","w",2,"libi",0.0710676911687506,6
"4",2023-07-11,"Jul","16","w",3,"cyec",0.447345936634716,6
"4",2023-07-11,"Jul","16","w",7,"dagl",30.8475659577793,6
"4",2023-07-11,"Jul","16","w",8,"cadi",21.0894201986522,6
"4",2023-07-11,"Jul","16","w",9,"fear",21.0532442113479,6
"4",2023-07-11,"Jul","16","w",12,"coar",5.59416835384632,6
"4",2023-07-11,"Jul","3","p",2,"coar",0.573247986355941,11
"4",2023-07-11,"Jul","3","p",2,"lyar",0.691088331845412,11
"4",2023-07-11,"Jul","3","p",2,"plla",1.68801155048391,11
"4",2023-07-11,"Jul","3","p",5,"kisp",3.24703938552212,11
"4",2023-07-11,"Jul","3","p",6,"dagl",15.639710446315,11
"4",2023-07-11,"Jul","3","p",6,"elre",1.36642034539233,11
"4",2023-07-11,"Jul","3","p",7,"fear",4.40766329935071,11
"4",2023-07-11,"Jul","3","p",7,"shar",0.896467505852987,11
"4",2023-07-11,"Jul","3","p",8,"pore",3.10028204814879,11
"4",2023-07-11,"Jul","3","p",12,"trfr",5.31028418653384,11
"4",2023-07-11,"Jul","3","p",17,"ch",3.37545741215596,11
"4",2023-07-11,"Jul","6","p",1,"asteraceae",0.17178587171339,7
"4",2023-07-11,"Jul","6","p",1,"mear",0.0368315972508396,7
"4",2023-07-11,"Jul","6","p",6,"coar",0.459320682065445,7
"4",2023-07-11,"Jul","6","p",6,"shar",0.608213575200526,7
"4",2023-07-11,"Jul","6","p",11,"elre",5.10834858809152,7
"4",2023-07-11,"Jul","6","p",12,"fear",233.858934695543,7
"4",2023-07-11,"Jul","6","p",18,"pore",18.8900002535181,7
"4",2023-07-11,"Jul","10","p",1,"he",0.283711711645364,7
"4",2023-07-11,"Jul","10","p",1,"mean",0.0419566953846633,7
"4",2023-07-11,"Jul","10","p",3,"vepe",0.134190792537275,7
"4",2023-07-11,"Jul","10","p",4,"shar",0.235586810216345,7
"4",2023-07-11,"Jul","10","p",9,"pore",1.77005639607896,7
"4",2023-07-11,"Jul","10","p",10,"coar",3.61809554198323,7
"4",2023-07-11,"Jul","10","p",15,"elre",3.4630727313618,7
"4",2023-07-11,"Jul","15","p",1,"melu",0.134742453843627,10
"4",2023-07-11,"Jul","15","p",1,"plla",0.192052085641982,10
"4",2023-07-11,"Jul","15","p",1,"shar",0.0367274471386959,10
"4",2023-07-11,"Jul","15","p",2,"dagl",0.149041795197718,10
"4",2023-07-11,"Jul","15","p",2,"elre",0.346701791910587,10
"4",2023-07-11,"Jul","15","p",2,"vepe",0.501142587530206,10
"4",2023-07-11,"Jul","15","p",3,"brst",0.317625428171523,10
"4",2023-07-11,"Jul","15","p",3,"fear",0.380932329877472,10
"4",2023-07-11,"Jul","15","p",3,"mean",0.364063842798224,10
"4",2023-07-11,"Jul","15","p",4,"am",1.93235813201921,10
"4",2023-07-11,"Jul","4","wp",1,"ni_p4_1",0.0176782631673693,8
"4",2023-07-11,"Jul","4","wp",1,"vepe",0.129776802946018,8
"4",2023-07-11,"Jul","4","wp",2,"gafr",0.660688265769386,8
"4",2023-07-11,"Jul","4","wp",2,"shar",0.309160180036966,8
"4",2023-07-11,"Jul","4","wp",3,"lyar",0.526494029806095,8
"4",2023-07-11,"Jul","4","wp",4,"cadi",11.5461720637718,8
"4",2023-07-11,"Jul","4","wp",10,"elre",2.71382515811661,8
"4",2023-07-11,"Jul","4","wp",12,"plla",10.2104527956533,8
"4",2023-07-11,"Jul","5","wp",2,"dagl",0.42161161845889,7
"4",2023-07-11,"Jul","5","wp",4,"shar",0.239673955202842,7
"4",2023-07-11,"Jul","5","wp",6,"poan",1.48449476187739,7
"4",2023-07-11,"Jul","5","wp",8,"plla",5.97191622394435,7
"4",2023-07-11,"Jul","5","wp",9,"fear",7.56812550969788,7
"4",2023-07-11,"Jul","5","wp",14,"coar",6.96710400712405,7
"4",2023-07-11,"Jul","5","wp",25,"elre",5.79503365589988,7
"4",2023-07-11,"Jul","12","wp",1,"plla",0.182177055424609,6
"4",2023-07-11,"Jul","12","wp",2,"shar",0.113014250176295,6
"4",2023-07-11,"Jul","12","wp",3,"coar",0.77510463816745,6
"4",2023-07-11,"Jul","12","wp",3,"fear",1.41323050729859,6
"4",2023-07-11,"Jul","12","wp",4,"trfr",0.0191952054757467,6
"4",2023-07-11,"Jul","12","wp",32,"elre",9.21057190708954,6
"4",2023-07-11,"Jul","13","wp",1,"brst",0.135641196902557,6
"4",2023-07-11,"Jul","13","wp",1,"shar",0.0137993902710901,6
"4",2023-07-11,"Jul","13","wp",3,"gafr",1.27211536810888,6
"4",2023-07-11,"Jul","13","wp",6,"dagl",0.914037275368603,6
"4",2023-07-11,"Jul","13","wp",8,"plla",3.65455872004663,6
"4",2023-07-11,"Jul","13","wp",15,"elre",7.88579770281135,6
"5",2023-07-26,"Jul","2","c",1,"bepe",0.040092842105804,7
"5",2023-07-26,"Jul","2","c",1,"cegl",0.13233819267801,7
"5",2023-07-26,"Jul","2","c",2,"hyra",0.839727716068152,7
"5",2023-07-26,"Jul","2","c",2,"trre",0.103830668581599,7
"5",2023-07-26,"Jul","2","c",7,"trfr",0.694295754195837,7
"5",2023-07-26,"Jul","2","c",10,"plla",9.82630225945986,7
"5",2023-07-26,"Jul","2","c",30,"dagl",129.573717678874,7
"5",2023-07-26,"Jul","7","c",8,"fear",67.7549555135261,6
"5",2023-07-26,"Jul","7","c",8,"plla",2.50599645778688,6
"5",2023-07-26,"Jul","7","c",9,"elre",1.36348916313899,6
"5",2023-07-26,"Jul","7","c",10,"pore",5.04555894477319,6
"5",2023-07-26,"Jul","7","c",12,"coar",3.0731922565861,6
"5",2023-07-26,"Jul","7","c",40,"poan",5.16434052956874,6
"5",2023-07-26,"Jul","11","c",4,"plla",2.09286948358886,5
"5",2023-07-26,"Jul","11","c",5,"trre",0.321055771162934,5
"5",2023-07-26,"Jul","11","c",10,"trfr",0.920056121242131,5
"5",2023-07-26,"Jul","11","c",15,"fear",148.337676476769,5
"5",2023-07-26,"Jul","11","c",75,"elre",16.0219899731818,5
"5",2023-07-26,"Jul","14","c",2,"trre",0.160766466003036,7
"5",2023-07-26,"Jul","14","c",10,"coar",1.54456971060522,7
"5",2023-07-26,"Jul","14","c",11,"libi",1.186432775115,7
"5",2023-07-26,"Jul","14","c",15,"dagl",79.7007830419638,7
"5",2023-07-26,"Jul","14","c",15,"plla",19.8941659800536,7
"5",2023-07-26,"Jul","14","c",25,"fear",131.968486516695,7
"5",2023-07-26,"Jul","14","c",40,"elre",9.10779046974637,7
"5",2023-07-26,"Jul","1","w",2,"cegl",0.00870544146587254,5
"5",2023-07-26,"Jul","1","w",3,"hyra",0.403988664742957,5
"5",2023-07-26,"Jul","1","w",12,"cadi",294.010276246466,5
"5",2023-07-26,"Jul","1","w",12,"plla",4.94710388708565,5
"5",2023-07-26,"Jul","1","w",40,"fear",311.936990805597,5
"5",2023-07-26,"Jul","8","w",6,"coar",1.07268364978888,3
"5",2023-07-26,"Jul","8","w",10,"pore",1.9041956623143,3
"5",2023-07-26,"Jul","8","w",60,"elre",15.1087552975951,3
"5",2023-07-26,"Jul","9","w",1,"bepe",0.0712482671709986,9
"5",2023-07-26,"Jul","9","w",2,"cegl",0.00574816949091049,9
"5",2023-07-26,"Jul","9","w",2,"hyra",0.342583084343236,9
"5",2023-07-26,"Jul","9","w",2,"rabu",0.0500153945172622,9
"5",2023-07-26,"Jul","9","w",5,"fear",6.62034329556615,9
"5",2023-07-26,"Jul","9","w",7,"trre",0.968755740441213,9
"5",2023-07-26,"Jul","9","w",12,"dagl",63.74701283683,9
"5",2023-07-26,"Jul","9","w",18,"ni_p9_1",3.90679087174408,9
"5",2023-07-26,"Jul","9","w",25,"elre",6.83557695733731,9
"5",2023-07-26,"Jul","16","w",2,"avst",0.0307680047584802,6
"5",2023-07-26,"Jul","16","w",4,"libi",0.317005295480376,6
"5",2023-07-26,"Jul","16","w",6,"cadi",9.4988190181088,6
"5",2023-07-26,"Jul","16","w",7,"dagl",12.5596445024074,6
"5",2023-07-26,"Jul","16","w",9,"fear",8.15477168624654,6
"5",2023-07-26,"Jul","16","w",18,"coar",4.13114084608504,6
"5",2023-07-26,"Jul","3","p",1,"ni_p3_3",0.117686089233931,13
"5",2023-07-26,"Jul","3","p",2,"fear",1.19763329066699,13
"5",2023-07-26,"Jul","3","p",3,"hyra",2.59234249215766,13
"5",2023-07-26,"Jul","3","p",4,"elre",1.1673035770459,13
"5",2023-07-26,"Jul","3","p",4,"plla",5.68112867164461,13
"5",2023-07-26,"Jul","3","p",6,"coar",2.65248883181738,13
"5",2023-07-26,"Jul","3","p",6,"lyar",4.91123156026422,13
"5",2023-07-26,"Jul","3","p",8,"pore",4.21890544651399,13
"5",2023-07-26,"Jul","3","p",8,"shar",2.47037005369909,13
"5",2023-07-26,"Jul","3","p",10,"dagl",12.6426601358464,13
"5",2023-07-26,"Jul","3","p",12,"kisp",30.2286082790556,13
"5",2023-07-26,"Jul","3","p",25,"trfr",17.8001290569167,13
"5",2023-07-26,"Jul","3","p",30,"ch",49.9041030805323,13
"5",2023-07-26,"Jul","6","p",1,"cyec",0.0433829180345781,8
"5",2023-07-26,"Jul","6","p",2,"mear",0.765314292808138,8
"5",2023-07-26,"Jul","6","p",3,"ni_p6_1",1.63283974873459,8
"5",2023-07-26,"Jul","6","p",4,"coar",0.792267580275742,8
"5",2023-07-26,"Jul","6","p",15,"shar",5.28402128252602,8
"5",2023-07-26,"Jul","6","p",22,"fear",312.81691531025,8
"5",2023-07-26,"Jul","6","p",22,"pore",24.834684152389,8
"5",2023-07-26,"Jul","6","p",30,"elre",7.81913139465361,8
"5",2023-07-26,"Jul","10","p",1,"libi",0.0018866679595708,11
"5",2023-07-26,"Jul","10","p",1,"mean",0.0779675183608404,11
"5",2023-07-26,"Jul","10","p",1,"ni_p10_5",0.928471515661367,11
"5",2023-07-26,"Jul","10","p",2,"ch",0.245890653316648,11
"5",2023-07-26,"Jul","10","p",2,"veof",0.368181509474618,11
"5",2023-07-26,"Jul","10","p",4,"shar",0.623023630581482,11
"5",2023-07-26,"Jul","10","p",6,"he",6.09545081247145,11
"5",2023-07-26,"Jul","10","p",7,"vepe",0.400910047044493,11
"5",2023-07-26,"Jul","10","p",12,"pore",4.08539312550231,11
"5",2023-07-26,"Jul","10","p",15,"coar",5.6651616761922,11
"5",2023-07-26,"Jul","10","p",25,"elre",5.36991939557748,11
"5",2023-07-26,"Jul","15","p",0.5,"mear",0.00496936032789617,10
"5",2023-07-26,"Jul","15","p",1,"brho",0.123833104195812,10
"5",2023-07-26,"Jul","15","p",1,"plla",0.021863020649617,10
"5",2023-07-26,"Jul","15","p",3,"shar",0.157113269712309,10
"5",2023-07-26,"Jul","15","p",4,"melu",0.801397383969536,10
"5",2023-07-26,"Jul","15","p",4,"ni_p15_4",0.309825822201142,10
"5",2023-07-26,"Jul","15","p",5,"vepe",0.216824905084351,10
"5",2023-07-26,"Jul","15","p",6,"elre",18.7928425678386,10
"5",2023-07-26,"Jul","15","p",8,"mean",2.34990558346143,10
"5",2023-07-26,"Jul","15","p",25,"am",73.3918584561696,10
"5",2023-07-26,"Jul","4","wp",3,"gafr",0.711497302805696,9
"5",2023-07-26,"Jul","4","wp",3,"trfr",0.762652820593275,9
"5",2023-07-26,"Jul","4","wp",4,"ni_p4_1",0.28051762406344,9
"5",2023-07-26,"Jul","4","wp",6,"vepe",0.209390998064538,9
"5",2023-07-26,"Jul","4","wp",7,"shar",1.59062730479551,9
"5",2023-07-26,"Jul","4","wp",8,"cadi",37.7440226808986,9
"5",2023-07-26,"Jul","4","wp",10,"lyar",2.36621221897188,9
"5",2023-07-26,"Jul","4","wp",14,"elre",4.15569136241311,9
"5",2023-07-26,"Jul","4","wp",35,"plla",36.0093609490803,9
"5",2023-07-26,"Jul","5","wp",5,"ni_p5_1",1.56092054962693,6
"5",2023-07-26,"Jul","5","wp",5,"shar",0.755630645705463,6
"5",2023-07-26,"Jul","5","wp",8,"fear",6.27707478953809,6
"5",2023-07-26,"Jul","5","wp",15,"plla",11.2563850614797,6
"5",2023-07-26,"Jul","5","wp",20,"coar",15.3839606047498,6
"5",2023-07-26,"Jul","5","wp",30,"elre",5.57923370899892,6
"5",2023-07-26,"Jul","12","wp",2,"plla",0.232235053424584,6
"5",2023-07-26,"Jul","12","wp",2,"trre",0.101468062438363,6
"5",2023-07-26,"Jul","12","wp",3,"coar",0.722232645564136,6
"5",2023-07-26,"Jul","12","wp",3,"shar",0.0338445078944632,6
"5",2023-07-26,"Jul","12","wp",4,"fear",2.45769855551743,6
"5",2023-07-26,"Jul","12","wp",60,"elre",14.7215836833775,6
"5",2023-07-26,"Jul","13","wp",1,"shar",0.0101472484808892,6
"5",2023-07-26,"Jul","13","wp",4,"mear",0.0328691543142033,6
"5",2023-07-26,"Jul","13","wp",5,"fear",3.73191152474133,6
"5",2023-07-26,"Jul","13","wp",8,"dagl",1.43735065142936,6
"5",2023-07-26,"Jul","13","wp",10,"elre",3.23783568591885,6
"5",2023-07-26,"Jul","13","wp",20,"plla",16.7005102183411,6
"6",2023-08-22,"Aug","2","c",5,"plla",5.00410410757441,2
"6",2023-08-22,"Aug","2","c",16,"dagl",79.0473606022129,2
"6",2023-08-22,"Aug","7","c",2,"elre",0.0338212146130194,6
"6",2023-08-22,"Aug","7","c",4,"plla",1.19184524651287,6
"6",2023-08-22,"Aug","7","c",5,"fear",2.49014655765753,6
"6",2023-08-22,"Aug","7","c",6,"pore",2.22597400190715,6
"6",2023-08-22,"Aug","7","c",7,"coar",0.518618415034117,6
"6",2023-08-22,"Aug","7","c",40,"ni_p7_1",5.59105902232724,6
"6",2023-08-22,"Aug","11","c",3,"fear",11.8204999521495,4
"6",2023-08-22,"Aug","11","c",3,"plla",1.66102499506437,4
"6",2023-08-22,"Aug","11","c",8,"trfr",0.844512715841506,4
"6",2023-08-22,"Aug","11","c",40,"elre",5.25892614133671,4
"6",2023-08-22,"Aug","14","c",2,"libi",0.174929613607215,6
"6",2023-08-22,"Aug","14","c",5,"plla",3.59789665713557,6
"6",2023-08-22,"Aug","14","c",7,"elre",1.70166645577385,6
"6",2023-08-22,"Aug","14","c",10,"coar",1.09858889836943,6
"6",2023-08-22,"Aug","14","c",15,"dagl",50.6017827050133,6
"6",2023-08-22,"Aug","14","c",17,"fear",55.4664763833812,6
"6",2023-08-22,"Aug","1","w",10,"cadi",114.822661283502,3
"6",2023-08-22,"Aug","1","w",20,"plla",3.07419009492942,3
"6",2023-08-22,"Aug","1","w",30,"fear",146.548825942027,3
"6",2023-08-22,"Aug","8","w",1,"ni_p8_1",0.0134539050159181,4
"6",2023-08-22,"Aug","8","w",6,"coar",1.16686222986175,4
"6",2023-08-22,"Aug","8","w",8,"pore",1.66513048126713,4
"6",2023-08-22,"Aug","8","w",12,"elre",2.29195485411283,4
"6",2023-08-22,"Aug","9","w",1,"rabu",0.0299460899160005,6
"6",2023-08-22,"Aug","9","w",3,"dagl",19.3951015507546,6
"6",2023-08-22,"Aug","9","w",5,"ni_p9_1",1.8612494361248,6
"6",2023-08-22,"Aug","9","w",6,"trre",0.643526673052923,6
"6",2023-08-22,"Aug","9","w",9,"elre",2.22172560815281,6
"6",2023-08-22,"Aug","9","w",15,"fear",13.4163287649455,6
"6",2023-08-22,"Aug","16","w",2,"avst",1.39896876635824,5
"6",2023-08-22,"Aug","16","w",4,"fear",11.0690449016054,5
"6",2023-08-22,"Aug","16","w",6,"dagl",23.9528067873421,5
"6",2023-08-22,"Aug","16","w",8,"cadi",52.4358839510908,5
"6",2023-08-22,"Aug","16","w",20,"coar",6.15512545866415,5
"6",2023-08-22,"Aug","3","p",2,"veof",0.222088558218438,12
"6",2023-08-22,"Aug","3","p",3,"dagl",4.60518473438465,12
"6",2023-08-22,"Aug","3","p",3,"fear",1.46494403700445,12
"6",2023-08-22,"Aug","3","p",3,"hyra",3.04648512869026,12
"6",2023-08-22,"Aug","3","p",3,"lyar",2.03377898926019,12
"6",2023-08-22,"Aug","3","p",5,"shar",2.37828835696612,12
"6",2023-08-22,"Aug","3","p",6,"coar",1.64586384024852,12
"6",2023-08-22,"Aug","3","p",6,"plla",10.4881372794081,12
"6",2023-08-22,"Aug","3","p",8,"pore",10.6481102389043,12
"6",2023-08-22,"Aug","3","p",12,"kisp",65.3739480299393,12
"6",2023-08-22,"Aug","3","p",20,"trfr",14.6002977789718,12
"6",2023-08-22,"Aug","3","p",52,"ch",341.078877128524,12
"6",2023-08-22,"Aug","6","p",2,"ni_p6_1",0.976795701679654,7
"6",2023-08-22,"Aug","6","p",2,"veof",0.0969498151568299,7
"6",2023-08-22,"Aug","6","p",5,"shar",0.784962314633505,7
"6",2023-08-22,"Aug","6","p",8,"coar",0.793951721132245,7
"6",2023-08-22,"Aug","6","p",10,"elre",2.73668230329275,7
"6",2023-08-22,"Aug","6","p",15,"fear",164.293459879278,7
"6",2023-08-22,"Aug","6","p",25,"pore",13.7945011680103,7
"6",2023-08-22,"Aug","10","p",1,"mear",0.0196180625747375,9
"6",2023-08-22,"Aug","10","p",1,"veof",0.00562780381574564,9
"6",2023-08-22,"Aug","10","p",2,"mean",0.248340851093615,9
"6",2023-08-22,"Aug","10","p",3,"ch",0.287083767309048,9
"6",2023-08-22,"Aug","10","p",3,"ni_p10_5",1.75806704493237,9
"6",2023-08-22,"Aug","10","p",12,"coar",2.36375327930033,9
"6",2023-08-22,"Aug","10","p",15,"pore",2.87925497693971,9
"6",2023-08-22,"Aug","10","p",18,"he",145.465487638789,9
"6",2023-08-22,"Aug","10","p",30,"elre",6.24262514038525,9
"6",2023-08-22,"Aug","15","p",1,"veof",0.12128861583344,10
"6",2023-08-22,"Aug","15","p",2,"shar",0.11056331447742,10
"6",2023-08-22,"Aug","15","p",2,"vepe",0.299023835905437,10
"6",2023-08-22,"Aug","15","p",4,"coar",0.312434797006609,10
"6",2023-08-22,"Aug","15","p",5,"mear",0.964730825275321,10
"6",2023-08-22,"Aug","15","p",6,"plla",1.8617751422703,10
"6",2023-08-22,"Aug","15","p",8,"melu",10.0565151926778,10
"6",2023-08-22,"Aug","15","p",11,"ni_p15_4",3.22635221138634,10
"6",2023-08-22,"Aug","15","p",13,"mean",10.7217361862493,10
"6",2023-08-22,"Aug","15","p",50,"am",4439.73399598766,10
"6",2023-08-22,"Aug","4","wp",1,"ni_p4_2",0.323256639197309,7
"6",2023-08-22,"Aug","4","wp",1,"ni_p4_3",0.0102852037626879,7
"6",2023-08-22,"Aug","4","wp",3,"cadi",5.78691514134221,7
"6",2023-08-22,"Aug","4","wp",3,"ni_p4_1",0.246462776015211,7
"6",2023-08-22,"Aug","4","wp",5,"elre",1.10688989239169,7
"6",2023-08-22,"Aug","4","wp",8,"lyar",2.29037257667006,7
"6",2023-08-22,"Aug","4","wp",18,"plla",33.3197803153835,7
"6",2023-08-22,"Aug","5","wp",1,"cabu",0.198120046510508,7
"6",2023-08-22,"Aug","5","wp",1,"ch",0.00623691955803727,7
"6",2023-08-22,"Aug","5","wp",5,"ni_p5_1",1.45973467619516,7
"6",2023-08-22,"Aug","5","wp",5,"plla",4.01307917885942,7
"6",2023-08-22,"Aug","5","wp",9,"elre",1.38374876161701,7
"6",2023-08-22,"Aug","5","wp",10,"fear",11.1308741358047,7
"6",2023-08-22,"Aug","5","wp",15,"coar",8.93825198175881,7
"6",2023-08-22,"Aug","12","wp",1,"trre",0.076588853509536,4
"6",2023-08-22,"Aug","12","wp",2,"coar",0.231474649291591,4
"6",2023-08-22,"Aug","12","wp",5,"fear",5.91354957737936,4
"6",2023-08-22,"Aug","12","wp",25,"elre",6.38882437585232,4
"6",2023-08-22,"Aug","13","wp",3,"cadi",5.28149305620131,7
"6",2023-08-22,"Aug","13","wp",4,"shar",0.499894729175211,7
"6",2023-08-22,"Aug","13","wp",5,"ni_p13_2",0.9516955245388,7
"6",2023-08-22,"Aug","13","wp",6,"ni_p13_1",2.4845467117703,7
"6",2023-08-22,"Aug","13","wp",8,"mear",2.25716871442899,7
"6",2023-08-22,"Aug","13","wp",15,"elre",7.42389218057589,7
"6",2023-08-22,"Aug","13","wp",18,"plla",28.1955758187919,7
"7",2023-09-04,"Sep","2","c",1,"ni_p2_1",0.106645752556442,3
"7",2023-09-04,"Sep","2","c",2,"plla",0.125801757563897,3
"7",2023-09-04,"Sep","2","c",25,"dagl",71.1086165810235,3
"7",2023-09-04,"Sep","7","c",5,"plla",0.914506619869908,5
"7",2023-09-04,"Sep","7","c",7,"coar",1.0030587191809,5
"7",2023-09-04,"Sep","7","c",8,"pore",1.04187038099926,5
"7",2023-09-04,"Sep","7","c",10,"fear",52.1439804753859,5
"7",2023-09-04,"Sep","7","c",40,"ni_p7_1",6.07590638190437,5
"7",2023-09-04,"Sep","11","c",3,"cadi",0.729374534664517,6
"7",2023-09-04,"Sep","11","c",4,"trre",0.198336715884693,6
"7",2023-09-04,"Sep","11","c",5,"plla",2.50645409206107,6
"7",2023-09-04,"Sep","11","c",10,"fear",21.6045608042439,6
"7",2023-09-04,"Sep","11","c",12,"trfr",1.61622193800125,6
"7",2023-09-04,"Sep","11","c",50,"elre",8.86541546984281,6
"7",2023-09-04,"Sep","14","c",4,"plla",2.16475527089281,6
"7",2023-09-04,"Sep","14","c",6,"elre",1.23647004444155,6
"7",2023-09-04,"Sep","14","c",10,"coar",1.05015491580095,6
"7",2023-09-04,"Sep","14","c",10,"ni_p14_1",2.80515306992659,6
"7",2023-09-04,"Sep","14","c",15,"dagl",64.8853028213613,6
"7",2023-09-04,"Sep","14","c",25,"fear",93.2459048698168,6
"7",2023-09-04,"Sep","1","w",2,"cadi",23.2415982759209,3
"7",2023-09-04,"Sep","1","w",7,"plla",0.969261169448226,3
"7",2023-09-04,"Sep","1","w",40,"fear",204.992594656846,3
"7",2023-09-04,"Sep","8","w",2,"bepe",0.170651356966238,4
"7",2023-09-04,"Sep","8","w",8,"elre",2.61176267918318,4
"7",2023-09-04,"Sep","8","w",10,"coar",1.67120566915329,4
"7",2023-09-04,"Sep","8","w",15,"pore",2.70867666766447,4
"7",2023-09-04,"Sep","9","w",1,"bepe",0.0622979203618592,9
"7",2023-09-04,"Sep","9","w",1,"ni_p9_2",0.0820226237728255,9
"7",2023-09-04,"Sep","9","w",3,"coar",0.00988405902914193,9
"7",2023-09-04,"Sep","9","w",3,"rabu",0.0201711480522934,9
"7",2023-09-04,"Sep","9","w",5,"trre",0.298205378688263,9
"7",2023-09-04,"Sep","9","w",6,"dagl",41.1906999236446,9
"7",2023-09-04,"Sep","9","w",7,"fear",6.11251901536466,9
"7",2023-09-04,"Sep","9","w",10,"elre",2.85525034946379,9
"7",2023-09-04,"Sep","9","w",15,"ni_p9_1",2.21993575036779,9
"7",2023-09-04,"Sep","16","w",10,"cadi",34.7371494152411,2
"7",2023-09-04,"Sep","16","w",40,"coar",7.84854112447152,2
"7",2023-09-04,"Sep","3","p",2,"veof",0.530286292090687,10
"7",2023-09-04,"Sep","3","p",5,"elre",0.888391903486918,10
"7",2023-09-04,"Sep","3","p",5,"plla",4.31562945235584,10
"7",2023-09-04,"Sep","3","p",6,"dagl",5.13157136149917,10
"7",2023-09-04,"Sep","3","p",6,"fear",2.39718167404286,10
"7",2023-09-04,"Sep","3","p",6,"shar",1.12984606797344,10
"7",2023-09-04,"Sep","3","p",7,"coar",2.09853992245716,10
"7",2023-09-04,"Sep","3","p",10,"pore",10.0801924059179,10
"7",2023-09-04,"Sep","3","p",30,"trfr",29.0697440470465,10
"7",2023-09-04,"Sep","3","p",50,"ch",172.903303305715,10
"7",2023-09-04,"Sep","6","p",3,"melu",0.861703149740243,9
"7",2023-09-04,"Sep","6","p",3,"veof",0.31921675926441,9
"7",2023-09-04,"Sep","6","p",4,"shar",0.844183370990497,9
"7",2023-09-04,"Sep","6","p",5,"ni_p6_1",6.76344407548265,9
"7",2023-09-04,"Sep","6","p",6,"coar",0.671196994725895,9
"7",2023-09-04,"Sep","6","p",9,"mear",0.786000338099316,9
"7",2023-09-04,"Sep","6","p",20,"elre",5.26603491572902,9
"7",2023-09-04,"Sep","6","p",20,"fear",232.393138625652,9
"7",2023-09-04,"Sep","6","p",26,"pore",21.9685282237728,9
"7",2023-09-04,"Sep","10","p",1,"fear",0.147264721921165,12
"7",2023-09-04,"Sep","10","p",1,"ni_p10_6",0.0287334837788957,12
"7",2023-09-04,"Sep","10","p",2,"shar",0.256568964558756,12
"7",2023-09-04,"Sep","10","p",2,"veof",0.05095223430326,12
"7",2023-09-04,"Sep","10","p",3,"mear",0.186893761085578,12
"7",2023-09-04,"Sep","10","p",3,"ni_p10_5",1.09805762993877,12
"7",2023-09-04,"Sep","10","p",4,"lyar",0.494678943819335,12
"7",2023-09-04,"Sep","10","p",4,"mean",0.312418480896463,12
"7",2023-09-04,"Sep","10","p",6,"ch",1.11834039842472,12
"7",2023-09-04,"Sep","10","p",10,"coar",2.25471569246849,12
"7",2023-09-04,"Sep","10","p",15,"pore",2.92249933724709,12
"7",2023-09-04,"Sep","10","p",35,"elre",13.4830401748012,12
"7",2023-09-04,"Sep","15","p",1,"lyar",0.225122098642981,11
"7",2023-09-04,"Sep","15","p",2,"veof",0.424075722914336,11
"7",2023-09-04,"Sep","15","p",3,"vepe",0.925440850548376,11
"7",2023-09-04,"Sep","15","p",4,"plla",1.566113346366,11
"7",2023-09-04,"Sep","15","p",5,"shar",0.550749349750202,11
"7",2023-09-04,"Sep","15","p",6,"coar",0.605443286262,11
"7",2023-09-04,"Sep","15","p",6,"mear",1.77940079642136,11
"7",2023-09-04,"Sep","15","p",6,"ni_p15_4",1.10586255401644,11
"7",2023-09-04,"Sep","15","p",10,"melu",7.63158004070851,11
"7",2023-09-04,"Sep","15","p",15,"mean",12.2689488896335,11
"7",2023-09-04,"Sep","15","p",45,"am",5389.52688853753,11
"7",2023-09-04,"Sep","4","wp",1,"ni_p4_3",0.00334083221923986,6
"7",2023-09-04,"Sep","4","wp",4,"cadi",7.6614809234157,6
"7",2023-09-04,"Sep","4","wp",5,"ni_p4_1",0.414771692223977,6
"7",2023-09-04,"Sep","4","wp",8,"elre",1.24200905109766,6
"7",2023-09-04,"Sep","4","wp",10,"lyar",3.89153223750033,6
"7",2023-09-04,"Sep","4","wp",20,"plla",38.2923829192041,6
"7",2023-09-04,"Sep","5","wp",2,"trre",0.157764056447701,7
"7",2023-09-04,"Sep","5","wp",3,"ch",0.0204527964120214,7
"7",2023-09-04,"Sep","5","wp",7,"plla",6.71931614480735,7
"7",2023-09-04,"Sep","5","wp",8,"ni_p5_1",1.39963471034378,7
"7",2023-09-04,"Sep","5","wp",10,"elre",1.91021607456741,7
"7",2023-09-04,"Sep","5","wp",10,"fear",7.68582879915744,7
"7",2023-09-04,"Sep","5","wp",30,"coar",16.1146856019798,7
"7",2023-09-04,"Sep","12","wp",1,"trre",0.0161350260246098,4
"7",2023-09-04,"Sep","12","wp",5,"coar",0.731109300963211,4
"7",2023-09-04,"Sep","12","wp",10,"elre",1.55798721279155,4
"7",2023-09-04,"Sep","12","wp",15,"fear",7.2858329921443,4
"7",2023-09-04,"Sep","13","wp",2,"shar",0.15617421890282,7
"7",2023-09-04,"Sep","13","wp",4,"cadi",1.62077863772512,7
"7",2023-09-04,"Sep","13","wp",4,"mear",1.09456585897179,7
"7",2023-09-04,"Sep","13","wp",8,"ni_p13_2",1.19049057437332,7
"7",2023-09-04,"Sep","13","wp",13,"ni_p13_1",8.42863704653556,7
"7",2023-09-04,"Sep","13","wp",15,"elre",9.05500867669805,7
"7",2023-09-04,"Sep","13","wp",18,"plla",23.1759332502223,7
"8",2023-09-18,"Sep","2","c",1,"shar",0.000756910646310782,5
"8",2023-09-18,"Sep","2","c",1,"to",0.000622115454116405,5
"8",2023-09-18,"Sep","2","c",2,"gedi",0.00169710209465541,5
"8",2023-09-18,"Sep","2","c",23,"ni_p2_1",3.58305586420548,5
"8",2023-09-18,"Sep","2","c",30,"dagl",113.557250090055,5
"8",2023-09-18,"Sep","7","c",1,"gedi",0.0675424357030114,8
"8",2023-09-18,"Sep","7","c",3,"bepe",0.213995885704534,8
"8",2023-09-18,"Sep","7","c",4,"pore",0.0214247642367168,8
"8",2023-09-18,"Sep","7","c",6,"elre",0.745553020583317,8
"8",2023-09-18,"Sep","7","c",10,"plla",4.47307748989006,8
"8",2023-09-18,"Sep","7","c",12,"coar",1.68448037515902,8
"8",2023-09-18,"Sep","7","c",15,"fear",325.675229569659,8
"8",2023-09-18,"Sep","7","c",40,"ni_p7_1",9.83263612828557,8
"8",2023-09-18,"Sep","11","c",0.5,"shar",0.000369260216706587,8
"8",2023-09-18,"Sep","11","c",1,"gedi",0.00132951657955832,8
"8",2023-09-18,"Sep","11","c",2,"pore",0.00593453684032985,8
"8",2023-09-18,"Sep","11","c",4,"plla",2.22210838043157,8
"8",2023-09-18,"Sep","11","c",6,"trre",0.298593342298384,8
"8",2023-09-18,"Sep","11","c",8,"trfr",0.342767650755324,8
"8",2023-09-18,"Sep","11","c",10,"fear",21.7461557788815,8
"8",2023-09-18,"Sep","11","c",60,"elre",13.4416966769939,8
"8",2023-09-18,"Sep","14","c",1,"shar",0.000914705315303891,9
"8",2023-09-18,"Sep","14","c",2,"gedi",0.00237548744980608,9
"8",2023-09-18,"Sep","14","c",3,"bepe",0.0158228874134369,9
"8",2023-09-18,"Sep","14","c",4,"coar",0.697608482804734,9
"8",2023-09-18,"Sep","14","c",8,"plla",10.179398868305,9
"8",2023-09-18,"Sep","14","c",10,"elre",1.39300753653295,9
"8",2023-09-18,"Sep","14","c",10,"ni_p14_1",2.30554376440908,9
"8",2023-09-18,"Sep","14","c",20,"dagl",299.432427295052,9
"8",2023-09-18,"Sep","14","c",25,"fear",111.642531219459,9
"8",2023-09-18,"Sep","1","w",1,"to",0.0918836804884751,4
"8",2023-09-18,"Sep","1","w",12,"cadi",63.2842244581529,4
"8",2023-09-18,"Sep","1","w",20,"ni_p1_1",1.89336278345406,4
"8",2023-09-18,"Sep","1","w",45,"fear",271.692027680088,4
"8",2023-09-18,"Sep","8","w",1,"ni_p8_1",0.00998119005640741,6
"8",2023-09-18,"Sep","8","w",2,"bepe",0.156294569434955,6
"8",2023-09-18,"Sep","8","w",4,"gedi",0.00653019262746596,6
"8",2023-09-18,"Sep","8","w",5,"coar",0.59355456163642,6
"8",2023-09-18,"Sep","8","w",6,"pore",1.07583428642517,6
"8",2023-09-18,"Sep","8","w",20,"elre",7.98690998406313,6
"8",2023-09-18,"Sep","9","w",1,"gedi",0.0153352364252492,9
"8",2023-09-18,"Sep","9","w",2,"trre",0.150833834563721,9
"8",2023-09-18,"Sep","9","w",3,"bepe",0.285536470955677,9
"8",2023-09-18,"Sep","9","w",3,"coar",0.486052516626296,9
"8",2023-09-18,"Sep","9","w",3,"ni_p9_2",0.210918489260927,9
"8",2023-09-18,"Sep","9","w",3,"trfr",0.741616141804575,9
"8",2023-09-18,"Sep","9","w",10,"dagl",81.3490044841328,9
"8",2023-09-18,"Sep","9","w",25,"elre",4.54036694444501,9
"8",2023-09-18,"Sep","9","w",25,"ni_p9_1",5.35640166009726,9
"8",2023-09-18,"Sep","16","w",15,"coar",2.63386358069729,2
"8",2023-09-18,"Sep","16","w",95,"ni_p16_1",0.27515103137977,2
"8",2023-09-18,"Sep","3","p",0.5,"to",0.000939134355868837,15
"8",2023-09-18,"Sep","3","p",1,"bepe",0.014971383760403,15
"8",2023-09-18,"Sep","3","p",1,"coar",0.272280451084818,15
"8",2023-09-18,"Sep","3","p",1,"gedi",0.00282858192722484,15
"8",2023-09-18,"Sep","3","p",3,"ni_p3_2",0.779867204539703,15
"8",2023-09-18,"Sep","3","p",3,"plla",1.65600507255193,15
"8",2023-09-18,"Sep","3","p",3,"shar",0.757181869072637,15
"8",2023-09-18,"Sep","3","p",3,"veof",1.70018503740362,15
"8",2023-09-18,"Sep","3","p",4,"ni_p3_3",0.238493513809586,15
"8",2023-09-18,"Sep","3","p",5,"lyar",3.38367978666522,15
"8",2023-09-18,"Sep","3","p",6,"dagl",3.67030841095014,15
"8",2023-09-18,"Sep","3","p",10,"fear",28.6154967683716,15
"8",2023-09-18,"Sep","3","p",10,"pore",6.97110903810653,15
"8",2023-09-18,"Sep","3","p",15,"trfr",5.01255940752782,15
"8",2023-09-18,"Sep","3","p",50,"ch",64.9608108416637,15
"8",2023-09-18,"Sep","6","p",0.5,"bepe",0.00619544699774183,12
"8",2023-09-18,"Sep","6","p",1,"ni_p6_2",0.344027115830895,12
"8",2023-09-18,"Sep","6","p",2,"melu",1.07927001001674,12
"8",2023-09-18,"Sep","6","p",3,"gedi",0.00771041515056507,12
"8",2023-09-18,"Sep","6","p",3,"veof",0.805660331385916,12
"8",2023-09-18,"Sep","6","p",4,"coar",0.649362728220014,12
"8",2023-09-18,"Sep","6","p",4,"shar",1.06015808907003,12
"8",2023-09-18,"Sep","6","p",5,"ni_p6_1",15.7165464977546,12
"8",2023-09-18,"Sep","6","p",10,"mear",3.14624684996565,12
"8",2023-09-18,"Sep","6","p",20,"fear",225.146337128742,12
"8",2023-09-18,"Sep","6","p",25,"elre",7.64278390569488,12
"8",2023-09-18,"Sep","6","p",25,"pore",23.8303899629236,12
"8",2023-09-18,"Sep","10","p",0.5,"bepe",0.000311057727058202,14
"8",2023-09-18,"Sep","10","p",0.5,"to",0.000610561557827941,14
"8",2023-09-18,"Sep","10","p",2,"veof",0.314828649002629,14
"8",2023-09-18,"Sep","10","p",3,"mear",0.203141191573532,14
"8",2023-09-18,"Sep","10","p",3,"ni_p10_2",0.534725726839415,14
"8",2023-09-18,"Sep","10","p",5,"ch",2.51126250437456,14
"8",2023-09-18,"Sep","10","p",5,"gedi",0.0070843420160764,14
"8",2023-09-18,"Sep","10","p",6,"lyar",3.26486150734057,14
"8",2023-09-18,"Sep","10","p",6,"mean",1.55479673219901,14
"8",2023-09-18,"Sep","10","p",6,"ni_p10_6",1.90389618369858,14
"8",2023-09-18,"Sep","10","p",8,"ni_p10_5",20.2652579766215,14
"8",2023-09-18,"Sep","10","p",9,"pore",2.81677897328394,14
"8",2023-09-18,"Sep","10","p",15,"coar",4.11732310815619,14
"8",2023-09-18,"Sep","10","p",40,"elre",9.28732180852101,14
"8",2023-09-18,"Sep","15","p",2,"ni_p15_5",0.295510437102287,11
"8",2023-09-18,"Sep","15","p",3,"plla",3.07516090423286,11
"8",2023-09-18,"Sep","15","p",3,"shar",1.13463478986949,11
"8",2023-09-18,"Sep","15","p",3,"veof",2.58017979718523,11
"8",2023-09-18,"Sep","15","p",3,"vepe",1.94217494520599,11
"8",2023-09-18,"Sep","15","p",7,"coar",2.04087484591975,11
"8",2023-09-18,"Sep","15","p",7,"ni_p15_4",0.799429020363548,11
"8",2023-09-18,"Sep","15","p",9,"mear",8.50377407458811,11
"8",2023-09-18,"Sep","15","p",9,"melu",9.98122647148048,11
"8",2023-09-18,"Sep","15","p",12,"mean",17.7942483362953,11
"8",2023-09-18,"Sep","15","p",45,"am",4508.73322905778,11
"8",2023-09-18,"Sep","4","wp",1,"bepe",0.0308450340017878,10
"8",2023-09-18,"Sep","4","wp",1,"gedi",0.00207315639620346,10
"8",2023-09-18,"Sep","4","wp",1,"ni_p4_2",0.300276966525036,10
"8",2023-09-18,"Sep","4","wp",1,"ni_p4_3",0.0467813829935003,10
"8",2023-09-18,"Sep","4","wp",2,"ni_p4_1",0.248329229388002,10
"8",2023-09-18,"Sep","4","wp",3,"cadi",5.30746559646081,10
"8",2023-09-18,"Sep","4","wp",8,"ni_p4_1",0.993316917552008,10
"8",2023-09-18,"Sep","4","wp",10,"lyar",7.25094098331841,10
"8",2023-09-18,"Sep","4","wp",14,"elre",2.78794972802473,10
"8",2023-09-18,"Sep","4","wp",20,"plla",53.3635820574906,10
"8",2023-09-18,"Sep","5","wp",3,"ch",0.31067700712661,7
"8",2023-09-18,"Sep","5","wp",5,"mear",0.0190279094802454,7
"8",2023-09-18,"Sep","5","wp",8,"ni_p5_1",1.67015092981045,7
"8",2023-09-18,"Sep","5","wp",10,"plla",9.654958647868,7
"8",2023-09-18,"Sep","5","wp",15,"elre",2.12435834604681,7
"8",2023-09-18,"Sep","5","wp",15,"fear",17.3051197376459,7
"8",2023-09-18,"Sep","5","wp",40,"coar",12.1134801276902,7
"8",2023-09-18,"Sep","12","wp",0.5,"gedi",0.000354909327511771,6
"8",2023-09-18,"Sep","12","wp",1,"mear",0.00124736524962462,6
"8",2023-09-18,"Sep","12","wp",3,"melu",0.31698467188737,6
"8",2023-09-18,"Sep","12","wp",4,"coar",0.661473411768116,6
"8",2023-09-18,"Sep","12","wp",4,"fear",2.06608794617316,6
"8",2023-09-18,"Sep","12","wp",60,"elre",29.0496151466303,6
"8",2023-09-18,"Sep","13","wp",2,"asteraceae",1.03604047744386,7
"8",2023-09-18,"Sep","13","wp",6,"cadi",6.2008371053396,7
"8",2023-09-18,"Sep","13","wp",8,"elre",6.31658532791929,7
"8",2023-09-18,"Sep","13","wp",12,"ni_p13_2",2.29691390566689,7
"8",2023-09-18,"Sep","13","wp",13,"vepe",0.041671522204513,7
"8",2023-09-18,"Sep","13","wp",15,"ni_p13_1",13.5599365397559,7
"8",2023-09-18,"Sep","13","wp",25,"plla",28.6297151769757,7
"9",2023-10-04,"Oct","2","c",1,"to",0.000721901036261162,5
"9",2023-10-04,"Oct","2","c",3,"gedi",0.0119858628506569,5
"9",2023-10-04,"Oct","2","c",4,"shar",0.0154383215768688,5
"9",2023-10-04,"Oct","2","c",35,"dagl",138.037695952445,5
"9",2023-10-04,"Oct","2","c",55,"ni_p2_1",15.4238755579414,5
"9",2023-10-04,"Oct","7","c",1,"bepe",0.0574037479076192,9
"9",2023-10-04,"Oct","7","c",1,"pore",0.00178983337553068,9
"9",2023-10-04,"Oct","7","c",1,"rucr",0.146618175432039,9
"9",2023-10-04,"Oct","7","c",4,"rabu",0.0551859042863666,9
"9",2023-10-04,"Oct","7","c",5,"coar",0.47082601460941,9
"9",2023-10-04,"Oct","7","c",7,"plla",3.85238556344842,9
"9",2023-10-04,"Oct","7","c",10,"fear",130.240125371364,9
"9",2023-10-04,"Oct","7","c",20,"elre",5.04072898737274,9
"9",2023-10-04,"Oct","7","c",50,"ni_p7_1",13.556862750414,9
"9",2023-10-04,"Oct","11","c",2,"bepe",0.125715812721074,8
"9",2023-10-04,"Oct","11","c",2,"shar",0.016262915859778,8
"9",2023-10-04,"Oct","11","c",2,"trre",0.191862444012673,8
"9",2023-10-04,"Oct","11","c",3,"gedi",0.00558722262227019,8
"9",2023-10-04,"Oct","11","c",5,"trfr",0.268918739052741,8
"9",2023-10-04,"Oct","11","c",6,"plla",4.03871454712188,8
"9",2023-10-04,"Oct","11","c",8,"fear",23.2261999180345,8
"9",2023-10-04,"Oct","11","c",80,"elre",19.0292053926446,8
"9",2023-10-04,"Oct","14","c",1,"libi",0.00104360711921952,12
"9",2023-10-04,"Oct","14","c",1,"rabu",0.0197101386335773,12
"9",2023-10-04,"Oct","14","c",1,"to",0.000391908178053083,12
"9",2023-10-04,"Oct","14","c",2,"bepe",0.0958973401145794,12
"9",2023-10-04,"Oct","14","c",5,"plla",2.61874177421253,12
"9",2023-10-04,"Oct","14","c",6,"shar",0.00577884770074373,12
"9",2023-10-04,"Oct","14","c",7,"gedi",0.0128765913973563,12
"9",2023-10-04,"Oct","14","c",8,"coar",0.606817943038015,12
"9",2023-10-04,"Oct","14","c",10,"dagl",89.1844112935409,12
"9",2023-10-04,"Oct","14","c",15,"fear",67.6198398854522,12
"9",2023-10-04,"Oct","14","c",15,"ni_p14_1",3.6151671058838,12
"9",2023-10-04,"Oct","14","c",35,"elre",10.4731166779616,12
"9",2023-10-04,"Oct","1","w",1,"visa",0.00251431625442147,7
"9",2023-10-04,"Oct","1","w",3,"plla",1.15968245708375,7
"9",2023-10-04,"Oct","1","w",5,"to",0.00498004348023881,7
"9",2023-10-04,"Oct","1","w",6,"shar",0.00958450735457509,7
"9",2023-10-04,"Oct","1","w",8,"cadi",106.484237090645,7
"9",2023-10-04,"Oct","1","w",17,"ni_p1_1",1.05426324664027,7
"9",2023-10-04,"Oct","1","w",40,"fear",222.477624107082,7
"9",2023-10-04,"Oct","8","w",1,"shar",0.00284047872663746,6
"9",2023-10-04,"Oct","8","w",2,"bepe",0.45003220364543,6
"9",2023-10-04,"Oct","8","w",6,"pore",0.483137571156208,6
"9",2023-10-04,"Oct","8","w",7,"coar",1.05821272716785,6
"9",2023-10-04,"Oct","8","w",9.8,"gedi",0.0579646636389763,6
"9",2023-10-04,"Oct","8","w",60,"elre",16.0752883940118,6
"9",2023-10-04,"Oct","9","w",1,"bepe",0.1799654893078,8
"9",2023-10-04,"Oct","9","w",1,"ni_p9_2",0.182008708086775,8
"9",2023-10-04,"Oct","9","w",1,"rabu",0.00374284594010075,8
"9",2023-10-04,"Oct","9","w",2,"trfr",0.514656786205278,8
"9",2023-10-04,"Oct","9","w",4,"gedi",0.00715639215470229,8
"9",2023-10-04,"Oct","9","w",6,"fear",13.4178133214576,8
"9",2023-10-04,"Oct","9","w",20,"ni_p9_1",3.94033016717248,8
"9",2023-10-04,"Oct","9","w",30,"elre",9.35544886301975,8
"9",2023-10-04,"Oct","16","w",1,"gedi",0.000672934309785737,5
"9",2023-10-04,"Oct","16","w",1,"libi",0.00193841211837483,5
"9",2023-10-04,"Oct","16","w",1,"shar",0.00115494355356282,5
"9",2023-10-04,"Oct","16","w",30,"coar",5.23167945474034,5
"9",2023-10-04,"Oct","16","w",65,"ni_p16_1",2.25098847678706,5
"9",2023-10-04,"Oct","3","p",1,"mear",0.0645655511581309,18
"9",2023-10-04,"Oct","3","p",1,"to",0.00426683491221499,18
"9",2023-10-04,"Oct","3","p",1,"vepe",0.00308480283516126,18
"9",2023-10-04,"Oct","3","p",2,"gedi",0.0266951196927224,18
"9",2023-10-04,"Oct","3","p",2,"veof",0.964586715519736,18
"9",2023-10-04,"Oct","3","p",3,"bepe",0.154157056236851,18
"9",2023-10-04,"Oct","3","p",3,"ni_p3_2",1.19736848017482,18
"9",2023-10-04,"Oct","3","p",4,"ni_p3_3",0.501636327244494,18
"9",2023-10-04,"Oct","3","p",5,"dagl",5.49939246887083,18
"9",2023-10-04,"Oct","3","p",5,"elre",0.915099669354349,18
"9",2023-10-04,"Oct","3","p",5,"fear",2.43040430092362,18
"9",2023-10-04,"Oct","3","p",5,"lyar",5.33752745867574,18
"9",2023-10-04,"Oct","3","p",5,"shar",1.25077151163612,18
"9",2023-10-04,"Oct","3","p",6,"plla",2.03058470360886,18
"9",2023-10-04,"Oct","3","p",8,"trfr",3.41651584055279,18
"9",2023-10-04,"Oct","3","p",10,"coar",3.23003187256235,18
"9",2023-10-04,"Oct","3","p",10,"pore",4.78144481845734,18
"9",2023-10-04,"Oct","3","p",30,"ch",46.1216942411703,18
"9",2023-10-04,"Oct","6","p",1,"vepe",0.00329093064422798,12
"9",2023-10-04,"Oct","6","p",2,"bepe",0.0972792395686859,12
"9",2023-10-04,"Oct","6","p",2,"ni_p6_2",0.429177462198154,12
"9",2023-10-04,"Oct","6","p",3,"coar",0.371919149497325,12
"9",2023-10-04,"Oct","6","p",3,"shar",0.371368459808827,12
"9",2023-10-04,"Oct","6","p",3,"veof",0.467204009968658,12
"9",2023-10-04,"Oct","6","p",5,"ni_p6_1",38.027893724605,12
"9",2023-10-04,"Oct","6","p",7,"mear",0.434002451842726,12
"9",2023-10-04,"Oct","6","p",10,"gedi",0.372473367351109,12
"9",2023-10-04,"Oct","6","p",15,"fear",259.0302651987,12
"9",2023-10-04,"Oct","6","p",23,"pore",8.62322394913099,12
"9",2023-10-04,"Oct","6","p",25,"elre",5.46167743311162,12
"9",2023-10-04,"Oct","10","p",1,"ni_p10_2",0.396480371385754,13
"9",2023-10-04,"Oct","10","p",2,"to",0.0203380513386743,13
"9",2023-10-04,"Oct","10","p",2,"veof",0.475988616057083,13
"9",2023-10-04,"Oct","10","p",4,"ch",1.90261412606459,13
"9",2023-10-04,"Oct","10","p",4,"lyar",6.08557539421228,13
"9",2023-10-04,"Oct","10","p",4,"mean",1.52875602205643,13
"9",2023-10-04,"Oct","10","p",4,"mear",0.403400647984719,13
"9",2023-10-04,"Oct","10","p",5,"ni_p10_6",5.29790907675585,13
"9",2023-10-04,"Oct","10","p",6,"ni_p10_5",28.6753669023959,13
"9",2023-10-04,"Oct","10","p",8,"gedi",0.169966242115729,13
"9",2023-10-04,"Oct","10","p",10,"coar",2.95841534641231,13
"9",2023-10-04,"Oct","10","p",11,"pore",3.54862777614308,13
"9",2023-10-04,"Oct","10","p",20,"elre",7.70336132414201,13
"9",2023-10-04,"Oct","15","p",1,"veof",6.45401040984391,10
"9",2023-10-04,"Oct","15","p",2,"vepe",0.00676663641124047,10
"9",2023-10-04,"Oct","15","p",4,"mear",2.76654906590989,10
"9",2023-10-04,"Oct","15","p",5,"melu",4.84014209250068,10
"9",2023-10-04,"Oct","15","p",5,"plla",2.92348977226975,10
"9",2023-10-04,"Oct","15","p",5,"shar",1.23985050009743,10
"9",2023-10-04,"Oct","15","p",7,"ni_p15_4",0.541292663367422,10
"9",2023-10-04,"Oct","15","p",10,"coar",2.61204201881203,10
"9",2023-10-04,"Oct","15","p",10,"mean",9.80473091302229,10
"9",2023-10-04,"Oct","15","p",45,"am",6233.2611732669,10
"9",2023-10-04,"Oct","4","wp",1,"gedi",0.0190108734510654,12
"9",2023-10-04,"Oct","4","wp",1,"mean",0.00341376489174972,12
"9",2023-10-04,"Oct","4","wp",1,"ni_p4_5",0.130600669165047,12
"9",2023-10-04,"Oct","4","wp",1,"vepe",0.0412079210841674,12
"9",2023-10-04,"Oct","4","wp",2,"ni_p4_3",0.18261754955997,12
"9",2023-10-04,"Oct","4","wp",3,"ni_p4_1",0.385729038153249,12
"9",2023-10-04,"Oct","4","wp",3,"ni_p4_2",2.00290618361133,12
"9",2023-10-04,"Oct","4","wp",3,"shar",0.0078376295914063,12
"9",2023-10-04,"Oct","4","wp",8,"elre",1.33056787527557,12
"9",2023-10-04,"Oct","4","wp",10,"cadi",25.3246662144551,12
"9",2023-10-04,"Oct","4","wp",10,"lyar",7.30030028686747,12
"9",2023-10-04,"Oct","4","wp",20,"plla",55.8185539104213,12
"9",2023-10-04,"Oct","5","wp",0.5,"to",0.000311057727058202,8
"9",2023-10-04,"Oct","5","wp",2,"ch",0.433423549227116,8
"9",2023-10-04,"Oct","5","wp",4,"mear",0.00703264139156778,8
"9",2023-10-04,"Oct","5","wp",10,"plla",5.29037937631015,8
"9",2023-10-04,"Oct","5","wp",12,"fear",10.3487293822519,8
"9",2023-10-04,"Oct","5","wp",13,"ni_p5_1",2.5964363045342,8
"9",2023-10-04,"Oct","5","wp",18,"elre",3.99271143249644,8
"9",2023-10-04,"Oct","5","wp",35,"coar",11.2315611782962,8
"9",2023-10-04,"Oct","12","wp",1,"bepe",0.000622115454116405,7
"9",2023-10-04,"Oct","12","wp",1,"mear",0.000622115454116405,7
"9",2023-10-04,"Oct","12","wp",1,"ni_p12_1",0.00322548685311922,7
"9",2023-10-04,"Oct","12","wp",4,"fear",3.4269964768226,7
"9",2023-10-04,"Oct","12","wp",4,"melu",0.304092913984695,7
"9",2023-10-04,"Oct","12","wp",5,"coar",1.64421282702629,7
"9",2023-10-04,"Oct","12","wp",60,"elre",23.8682790578328,7
"9",2023-10-04,"Oct","13","wp",1,"mear",0.124048386502176,10
"9",2023-10-04,"Oct","13","wp",1,"shar",0.0347006214418191,10
"9",2023-10-04,"Oct","13","wp",2,"gedi",0.182082373967527,10
"9",2023-10-04,"Oct","13","wp",4,"cadi",1.87833663186667,10
"9",2023-10-04,"Oct","13","wp",6,"ni_p13_3",11.9518299072889,10
"9",2023-10-04,"Oct","13","wp",8,"ni_p13_1",5.10409994462356,10
"9",2023-10-04,"Oct","13","wp",8,"ni_p13_2",1.49666832560241,10
"9",2023-10-04,"Oct","13","wp",10,"elre",7.43176024649,10
"9",2023-10-04,"Oct","13","wp",14,"plla",11.2205137889735,10
"9",2023-10-04,"Oct","13","wp",17,"vepe",0.403140338198109,10
"10",2023-10-16,"Oct","2","c",0.5,"to",0.00022738457788159,5
"10",2023-10-16,"Oct","2","c",1,"gedi",0.0420471896918791,5
"10",2023-10-16,"Oct","2","c",4,"shar",0.0142785833473426,5
"10",2023-10-16,"Oct","2","c",35,"dagl",150.180633094103,5
"10",2023-10-16,"Oct","2","c",60,"ni_p2_1",16.8538918518708,5
"10",2023-10-16,"Oct","7","c",1,"bepe",0.0495635759819346,11
"10",2023-10-16,"Oct","7","c",1,"gedi",0.00127931540618882,11
"10",2023-10-16,"Oct","7","c",1,"pore",0.00180596936354856,11
"10",2023-10-16,"Oct","7","c",2,"rucr",0.237851108687201,11
"10",2023-10-16,"Oct","7","c",2,"shar",0.00196683240257191,11
"10",2023-10-16,"Oct","7","c",5,"rabu",0.10809419655278,11
"10",2023-10-16,"Oct","7","c",8,"plla",9.48430603188366,11
"10",2023-10-16,"Oct","7","c",10,"coar",1.74594844376784,11
"10",2023-10-16,"Oct","7","c",15,"fear",64.5298688530786,11
"10",2023-10-16,"Oct","7","c",25,"ni_p7_1",4.68612958013388,11
"10",2023-10-16,"Oct","7","c",35,"elre",5.70287032375689,11
"10",2023-10-16,"Oct","11","c",1,"bepe",0.0166846074152361,8
"10",2023-10-16,"Oct","11","c",1,"shar",0.00106314829009419,8
"10",2023-10-16,"Oct","11","c",2,"trfr",0.0763085103779406,8
"10",2023-10-16,"Oct","11","c",3,"gedi",0.00365506066745542,8
"10",2023-10-16,"Oct","11","c",3,"trre",0.154382286603804,8
"10",2023-10-16,"Oct","11","c",4,"plla",3.04457919048033,8
"10",2023-10-16,"Oct","11","c",7,"fear",25.8356412159749,8
"10",2023-10-16,"Oct","11","c",80,"elre",16.2798362052318,8
"10",2023-10-16,"Oct","14","c",1,"bepe",0.0396250706171312,13
"10",2023-10-16,"Oct","14","c",1,"libi",0.00240692565934915,13
"10",2023-10-16,"Oct","14","c",1,"to",0.000945957964125962,13
"10",2023-10-16,"Oct","14","c",1,"vepe",0.00195661319214544,13
"10",2023-10-16,"Oct","14","c",3,"gedi",0.00592890916827166,13
"10",2023-10-16,"Oct","14","c",4,"coar",0.28723371327504,13
"10",2023-10-16,"Oct","14","c",5,"plla",9.15363998803171,13
"10",2023-10-16,"Oct","14","c",5,"rabu",0.131050075038739,13
"10",2023-10-16,"Oct","14","c",5,"shar",0.00626705716778005,13
"10",2023-10-16,"Oct","14","c",15,"dagl",130.973989601232,13
"10",2023-10-16,"Oct","14","c",15,"fear",125.07506722411,13
"10",2023-10-16,"Oct","14","c",25,"elre",4.75790321342221,13
"10",2023-10-16,"Oct","14","c",25,"ni_p14_1",5.32427693535199,13
"10",2023-10-16,"Oct","1","w",0.5,"to",0.000193195911440687,7
"10",2023-10-16,"Oct","1","w",1,"gedi",0.000987546726310055,7
"10",2023-10-16,"Oct","1","w",2,"shar",0.00431853747540206,7
"10",2023-10-16,"Oct","1","w",3,"plla",0.625727765704631,7
"10",2023-10-16,"Oct","1","w",6,"cadi",80.0151785981571,7
"10",2023-10-16,"Oct","1","w",10,"ni_p1_1",0.927519963094347,7
"10",2023-10-16,"Oct","1","w",45,"fear",290.453012023776,7
"10",2023-10-16,"Oct","8","w",1,"ni_p8_1",0.0171403361624456,8
"10",2023-10-16,"Oct","8","w",1,"pore",0.0280163008989907,8
"10",2023-10-16,"Oct","8","w",1,"shar",0.00381878673261067,8
"10",2023-10-16,"Oct","8","w",1,"to",0.00629686762880799,8
"10",2023-10-16,"Oct","8","w",3,"bepe",0.38482843852301,8
"10",2023-10-16,"Oct","8","w",8,"coar",1.07773384029549,8
"10",2023-10-16,"Oct","8","w",10,"gedi",0.151145192815463,8
"10",2023-10-16,"Oct","8","w",85,"elre",32.4649793187515,8
"10",2023-10-16,"Oct","9","w",1,"shar",0.000587488211510739,7
"10",2023-10-16,"Oct","9","w",2,"asteraceae",0.205958245240028,7
"10",2023-10-16,"Oct","9","w",4,"trre",0.196366351670468,7
"10",2023-10-16,"Oct","9","w",7,"fear",9.1481071382532,7
"10",2023-10-16,"Oct","9","w",10,"dagl",163.948193790825,7
"10",2023-10-16,"Oct","9","w",30,"ni_p9_1",5.1418159783123,7
"10",2023-10-16,"Oct","9","w",35,"elre",3.15329420778339,7
"10",2023-10-16,"Oct","16","w",1,"libi",0.000795421272017358,4
"10",2023-10-16,"Oct","16","w",1,"shar",0.00119868564798187,4
"10",2023-10-16,"Oct","16","w",25,"coar",3.32108274658616,4
"10",2023-10-16,"Oct","16","w",70,"ni_p16_1",0.178393944537272,4
"10",2023-10-16,"Oct","3","p",1,"mear",0.051276881556279,17
"10",2023-10-16,"Oct","3","p",1,"ni_p3_2",0.231966883378409,17
"10",2023-10-16,"Oct","3","p",1,"to",0.000527238469263887,17
"10",2023-10-16,"Oct","3","p",2,"gedi",0.0137441252347403,17
"10",2023-10-16,"Oct","3","p",2,"ni_p3_3",0.179912877151954,17
"10",2023-10-16,"Oct","3","p",3,"plla",1.0985271119141,17
"10",2023-10-16,"Oct","3","p",3,"veof",2.36227496802105,17
"10",2023-10-16,"Oct","3","p",3,"vepe",0.00624819201800097,17
"10",2023-10-16,"Oct","3","p",4,"elre",0.928399873784015,17
"10",2023-10-16,"Oct","3","p",4,"lyar",3.8307218429797,17
"10",2023-10-16,"Oct","3","p",4,"shar",1.23452821617765,17
"10",2023-10-16,"Oct","3","p",5,"dagl",5.53536777709537,17
"10",2023-10-16,"Oct","3","p",5,"fear",1.36364449775166,17
"10",2023-10-16,"Oct","3","p",6,"coar",2.01060309923483,17
"10",2023-10-16,"Oct","3","p",8,"trfr",5.1791421285249,17
"10",2023-10-16,"Oct","3","p",10,"pore",7.38763533089927,17
"10",2023-10-16,"Oct","3","p",20,"ch",19.7095691894072,17
"10",2023-10-16,"Oct","6","p",0.5,"to",0.00022738457788159,14
"10",2023-10-16,"Oct","6","p",1,"gedi",0.0208739427542161,14
"10",2023-10-16,"Oct","6","p",1,"trre",0.0758602962787726,14
"10",2023-10-16,"Oct","6","p",1,"veof",0.0564904052184522,14
"10",2023-10-16,"Oct","6","p",1,"vepe",0.00169867742241552,14
"10",2023-10-16,"Oct","6","p",2,"ni_p6_2",0.429177462198154,14
"10",2023-10-16,"Oct","6","p",3,"melu",0.158297439485582,14
"10",2023-10-16,"Oct","6","p",4,"coar",0.502039555269106,14
"10",2023-10-16,"Oct","6","p",6,"shar",0.740890923414485,14
"10",2023-10-16,"Oct","6","p",8,"mear",0.752731207469281,14
"10",2023-10-16,"Oct","6","p",8,"ni_p6_1",39.210793326365,14
"10",2023-10-16,"Oct","6","p",12,"fear",197.488131046674,14
"10",2023-10-16,"Oct","6","p",20,"elre",3.64188296998511,14
"10",2023-10-16,"Oct","6","p",25,"pore",20.2053380272769,14
"10",2023-10-16,"Oct","10","p",1,"bepe",0.0196180625747375,16
"10",2023-10-16,"Oct","10","p",1,"ni_p10_7",0.0196180625747375,16
"10",2023-10-16,"Oct","10","p",1,"to",0.00220418185369718,16
"10",2023-10-16,"Oct","10","p",2,"ni_p10_2",0.508577682441393,16
"10",2023-10-16,"Oct","10","p",2,"veof",0.768400266143244,16
"10",2023-10-16,"Oct","10","p",3,"ch",1.06369125165551,16
"10",2023-10-16,"Oct","10","p",3,"vepe",0.00763966767131004,16
"10",2023-10-16,"Oct","10","p",5,"gedi",0.0819447707991388,16
"10",2023-10-16,"Oct","10","p",5,"mear",0.526845854830961,16
"10",2023-10-16,"Oct","10","p",6,"lyar",3.04172866174558,16
"10",2023-10-16,"Oct","10","p",6,"mean",1.43354442784697,16
"10",2023-10-16,"Oct","10","p",7,"ni_p10_5",34.0249289358179,16
"10",2023-10-16,"Oct","10","p",7,"ni_p10_6",5.12267149510232,16
"10",2023-10-16,"Oct","10","p",8,"pore",1.40639404340467,16
"10",2023-10-16,"Oct","10","p",10,"coar",1.098787767921,16
"10",2023-10-16,"Oct","10","p",25,"elre",5.25053026717298,16
"10",2023-10-16,"Oct","15","p",1,"ni_p15_5",0.145829145770262,10
"10",2023-10-16,"Oct","15","p",1,"veof",0.922310614638353,10
"10",2023-10-16,"Oct","15","p",2,"vepe",0.0149390983603665,10
"10",2023-10-16,"Oct","15","p",4,"ni_p15_4",0.44816022663798,10
"10",2023-10-16,"Oct","15","p",5,"mear",0.468019676823549,10
"10",2023-10-16,"Oct","15","p",5,"melu",3.51934548617627,10
"10",2023-10-16,"Oct","15","p",8,"shar",2.90312920165546,10
"10",2023-10-16,"Oct","15","p",10,"coar",1.67769534862821,10
"10",2023-10-16,"Oct","15","p",10,"mean",10.1782645342012,10
"10",2023-10-16,"Oct","15","p",45,"am",5681.59203236226,10
"10",2023-10-16,"Oct","4","wp",1,"ni_p4_3",0.0900204406455312,16
"10",2023-10-16,"Oct","4","wp",1,"ni_p4_5",0.0651156796101019,16
"10",2023-10-16,"Oct","4","wp",1,"rapa",0.0259128138262014,16
"10",2023-10-16,"Oct","4","wp",1,"to",0.00045476915576318,16
"10",2023-10-16,"Oct","4","wp",2,"bepe",0.045627816300126,16
"10",2023-10-16,"Oct","4","wp",2,"cabu",0.340009348520862,16
"10",2023-10-16,"Oct","4","wp",2,"ni_p4_1",0.425416330169608,16
"10",2023-10-16,"Oct","4","wp",2,"ni_p4_2",0.84752522760391,16
"10",2023-10-16,"Oct","4","wp",2,"vepe",0.0580113435611619,16
"10",2023-10-16,"Oct","4","wp",3,"gedi",0.058737830913804,16
"10",2023-10-16,"Oct","4","wp",3,"ni_p4_6",0.275251079576574,16
"10",2023-10-16,"Oct","4","wp",3,"shar",0.159930363905508,16
"10",2023-10-16,"Oct","4","wp",4,"cadi",8.44132912544608,16
"10",2023-10-16,"Oct","4","wp",8,"elre",1.84487424065401,16
"10",2023-10-16,"Oct","4","wp",15,"plla",18.4949744782059,16
"10",2023-10-16,"Oct","4","wp",16,"lyar",16.3179645640319,16
"10",2023-10-16,"Oct","5","wp",1,"ni_p5_2",0.000391908178053083,7
"10",2023-10-16,"Oct","5","wp",3,"ch",0.334393746926011,7
"10",2023-10-16,"Oct","5","wp",6,"plla",4.59515135482379,7
"10",2023-10-16,"Oct","5","wp",8,"ni_p5_1",1.42746592890184,7
"10",2023-10-16,"Oct","5","wp",10,"elre",1.37051866228646,7
"10",2023-10-16,"Oct","5","wp",12,"fear",9.62018534966289,7
"10",2023-10-16,"Oct","5","wp",30,"coar",6.72808398380537,7
"10",2023-10-16,"Oct","12","wp",1,"bepe",0.00113744217448523,5
"10",2023-10-16,"Oct","12","wp",2,"melu",0.126716684459779,5
"10",2023-10-16,"Oct","12","wp",2,"trre",0.188332481093609,5
"10",2023-10-16,"Oct","12","wp",3,"coar",0.463692508355219,5
"10",2023-10-16,"Oct","12","wp",80,"elre",30.5905532443227,5
"10",2023-10-16,"Oct","13","wp",1,"mean",0.000709818655023542,13
"10",2023-10-16,"Oct","13","wp",1,"ni_p13_6",0.0192782094962928,13
"10",2023-10-16,"Oct","13","wp",2,"cadi",1.61740560173547,13
"10",2023-10-16,"Oct","13","wp",2,"ni_p13_5",0.39043554725705,13
"10",2023-10-16,"Oct","13","wp",3,"elre",1.59851957228499,13
"10",2023-10-16,"Oct","13","wp",4,"mear",0.285003164026716,13
"10",2023-10-16,"Oct","13","wp",5,"gedi",0.998705312166715,13
"10",2023-10-16,"Oct","13","wp",5,"ni_p13_3",21.3827934691241,13
"10",2023-10-16,"Oct","13","wp",6,"ni_p13_1",2.0974539285657,13
"10",2023-10-16,"Oct","13","wp",6,"shar",0.0173189669006107,13
"10",2023-10-16,"Oct","13","wp",7,"ni_p13_2",2.16321461022725,13
"10",2023-10-16,"Oct","13","wp",15,"plla",14.3024980164391,13
"10",2023-10-16,"Oct","13","wp",22,"vepe",1.45571583882003,13
"11",2023-11-13,"Nov","2","c",1,"asteraceae",0.104889671514053,11
"11",2023-11-13,"Nov","2","c",1,"libi",0.00398667856213933,11
"11",2023-11-13,"Nov","2","c",1,"rabu",0.0103223584648067,11
"11",2023-11-13,"Nov","2","c",2,"gedi",0.206358959702176,11
"11",2023-11-13,"Nov","2","c",2,"rapa",0.0022918929287558,11
"11",2023-11-13,"Nov","2","c",2,"visa",0.00462863495525799,11
"11",2023-11-13,"Nov","2","c",3,"ni_p2_3",0.0416761109009133,11
"11",2023-11-13,"Nov","2","c",3,"to",0.0389020359663316,11
"11",2023-11-13,"Nov","2","c",5,"shar",0.0168801230776286,11
"11",2023-11-13,"Nov","2","c",15,"dagl",53.6974959889364,11
"11",2023-11-13,"Nov","2","c",75,"ni_p2_1",26.6904212977643,11
"11",2023-11-13,"Nov","7","c",1,"bepe",0.0652563638733354,16
"11",2023-11-13,"Nov","7","c",1,"ni_p7_2",0.235532948719714,16
"11",2023-11-13,"Nov","7","c",1,"ni_p7_3",0.111410460163418,16
"11",2023-11-13,"Nov","7","c",1,"ni_p7_4",0.227312170736462,16
"11",2023-11-13,"Nov","7","c",1,"ni_p7_5",0.172737836759671,16
"11",2023-11-13,"Nov","7","c",1,"ni_p7_6",0.066069365682211,16
"11",2023-11-13,"Nov","7","c",1,"to",0.000527712858815472,16
"11",2023-11-13,"Nov","7","c",2,"shar",0.00604960378993664,16
"11",2023-11-13,"Nov","7","c",3,"coar",0.0274723848829959,16
"11",2023-11-13,"Nov","7","c",3,"rucr",0.542534942243736,16
"11",2023-11-13,"Nov","7","c",3,"visa",0.0113821071625552,16
"11",2023-11-13,"Nov","7","c",5,"plla",2.42350219164613,16
"11",2023-11-13,"Nov","7","c",15,"fear",95.533041016489,16
"11",2023-11-13,"Nov","7","c",20,"rabu",1.74115218740289,16
"11",2023-11-13,"Nov","7","c",25,"ni_p7_1",5.42202199403363,16
"11",2023-11-13,"Nov","7","c",35,"elre",4.68672208578512,16
"11",2023-11-13,"Nov","11","c",1,"trfr",0.0312296909119209,11
"11",2023-11-13,"Nov","11","c",1,"visa",0.00363839575925689,11
"11",2023-11-13,"Nov","11","c",2,"bepe",0.194565309953003,11
"11",2023-11-13,"Nov","11","c",2,"ni_p11_1",0.749156186048731,11
"11",2023-11-13,"Nov","11","c",2,"rabu",0.0134117952421073,11
"11",2023-11-13,"Nov","11","c",2,"trre",0.0977587749860018,11
"11",2023-11-13,"Nov","11","c",3,"fear",13.6094515608696,11
"11",2023-11-13,"Nov","11","c",4,"plla",3.78437850403136,11
"11",2023-11-13,"Nov","11","c",4,"shar",0.101120402984973,11
"11",2023-11-13,"Nov","11","c",5,"gedi",0.0318714567684072,11
"11",2023-11-13,"Nov","11","c",80,"elre",21.7619294327639,11
"11",2023-11-13,"Nov","14","c",0.5,"coar",0.00131102617034114,14
"11",2023-11-13,"Nov","14","c",1,"vepe",0.00533308319746307,14
"11",2023-11-13,"Nov","14","c",2,"bepe",0.363297614117641,14
"11",2023-11-13,"Nov","14","c",3,"gedi",0.047925461517614,14
"11",2023-11-13,"Nov","14","c",3,"plla",1.74097812665313,14
"11",2023-11-13,"Nov","14","c",3,"shar",0.0137419637202814,14
"11",2023-11-13,"Nov","14","c",4,"libi",0.00517495293778623,14
"11",2023-11-13,"Nov","14","c",4,"rabu",0.0704850749702672,14
"11",2023-11-13,"Nov","14","c",5,"to",0.0280330022141492,14
"11",2023-11-13,"Nov","14","c",6,"visa",0.00558383552890871,14
"11",2023-11-13,"Nov","14","c",10,"dagl",93.7530651701495,14
"11",2023-11-13,"Nov","14","c",12,"fear",44.7598352913075,14
"11",2023-11-13,"Nov","14","c",15,"elre",3.58033686316688,14
"11",2023-11-13,"Nov","14","c",25,"ni_p14_1",3.76300963737551,14
"11",2023-11-13,"Nov","1","w",2,"bepe",0.00290038224115193,10
"11",2023-11-13,"Nov","1","w",3,"asteraceae",0.525319100172124,10
"11",2023-11-13,"Nov","1","w",4,"plla",2.07548683393235,10
"11",2023-11-13,"Nov","1","w",5,"cadi",26.2070908562382,10
"11",2023-11-13,"Nov","1","w",5,"gedi",0.012341409245868,10
"11",2023-11-13,"Nov","1","w",6,"visa",0.0182311685849626,10
"11",2023-11-13,"Nov","1","w",7,"shar",0.0488603597830378,10
"11",2023-11-13,"Nov","1","w",7,"to",0.019334700800277,10
"11",2023-11-13,"Nov","1","w",20,"ni_p1_1",3.67940098333845,10
"11",2023-11-13,"Nov","1","w",40,"fear",353.259051413046,10
"11",2023-11-13,"Nov","8","w",1,"ni_p8_1",0.0253553534850829,9
"11",2023-11-13,"Nov","8","w",1,"rabu",0.00683542288854372,9
"11",2023-11-13,"Nov","8","w",2,"shar",0.0432935397693328,9
"11",2023-11-13,"Nov","8","w",3,"bepe",1.09025774853503,9
"11",2023-11-13,"Nov","8","w",3,"to",0.103382175337824,9
"11",2023-11-13,"Nov","8","w",4,"pore",0.282492932899299,9
"11",2023-11-13,"Nov","8","w",6,"ni_p8_2",0.531719721431271,9
"11",2023-11-13,"Nov","8","w",8,"gedi",0.658960332438583,9
"11",2023-11-13,"Nov","8","w",75,"elre",22.1896129070711,9
"11",2023-11-13,"Nov","9","w",0.5,"to",0.000399901077616875,10
"11",2023-11-13,"Nov","9","w",1,"asteraceae",0.364485843697344,10
"11",2023-11-13,"Nov","9","w",1,"shar",0.000546287158085165,10
"11",2023-11-13,"Nov","9","w",2,"gedi",0.00268609660486536,10
"11",2023-11-13,"Nov","9","w",4,"fear",20.4577077618128,10
"11",2023-11-13,"Nov","9","w",6,"bepe",1.7157478570612,10
"11",2023-11-13,"Nov","9","w",7,"rabu",0.461798656531814,10
"11",2023-11-13,"Nov","9","w",8,"dagl",148.502334915662,10
"11",2023-11-13,"Nov","9","w",30,"ni_p9_1",9.55778198791351,10
"11",2023-11-13,"Nov","9","w",40,"elre",8.6323987508429,10
"11",2023-11-13,"Nov","16","w",0.5,"rapa",0.000330441804311798,8
"11",2023-11-13,"Nov","16","w",1,"coar",0.0322122484936787,8
"11",2023-11-13,"Nov","16","w",1,"gedi",0.00594139758267083,8
"11",2023-11-13,"Nov","16","w",1,"shar",0.00191764180373837,8
"11",2023-11-13,"Nov","16","w",1,"to",0.0018941031162438,8
"11",2023-11-13,"Nov","16","w",1,"visa",0.00112118058463049,8
"11",2023-11-13,"Nov","16","w",2,"libi",0.00346858077553869,8
"11",2023-11-13,"Nov","16","w",95,"ni_p16_1",12.8749737814229,8
"11",2023-11-13,"Nov","3","p",2,"bepe",0.0221279829336644,17
"11",2023-11-13,"Nov","3","p",3,"mear",0.00201437208015815,17
"11",2023-11-13,"Nov","3","p",3,"melu",0.34378393931337,17
"11",2023-11-13,"Nov","3","p",4,"ni_p3_2",1.47512411502621,17
"11",2023-11-13,"Nov","3","p",4,"to",0.0202659299397661,17
"11",2023-11-13,"Nov","3","p",4,"vepe",0.0346991032325763,17
"11",2023-11-13,"Nov","3","p",5,"dagl",8.0502884751444,17
"11",2023-11-13,"Nov","3","p",5,"elre",0.792949448413813,17
"11",2023-11-13,"Nov","3","p",5,"lyar",4.82509108951773,17
"11",2023-11-13,"Nov","3","p",6,"fear",2.64844418539861,17
"11",2023-11-13,"Nov","3","p",6,"gedi",0.174505820578043,17
"11",2023-11-13,"Nov","3","p",6,"ni_p3_3",1.2549979645287,17
"11",2023-11-13,"Nov","3","p",6,"plla",3.37864714751678,17
"11",2023-11-13,"Nov","3","p",6,"shar",1.57908100398473,17
"11",2023-11-13,"Nov","3","p",7,"asteraceae",0.84730716429154,17
"11",2023-11-13,"Nov","3","p",8,"trfr",4.12128833853846,17
"11",2023-11-13,"Nov","3","p",10,"pore",6.24138584720989,17
"11",2023-11-13,"Nov","6","p",1,"asteraceae",0.23528124369513,19
"11",2023-11-13,"Nov","6","p",1,"bepe",0.0526925864307884,19
"11",2023-11-13,"Nov","6","p",1,"coar",0.0185664559320351,19
"11",2023-11-13,"Nov","6","p",1,"ni_p6_4",0.0203699706902241,19
"11",2023-11-13,"Nov","6","p",1,"plla",0.102177032650057,19
"11",2023-11-13,"Nov","6","p",1,"to",0.0005767628962056,19
"11",2023-11-13,"Nov","6","p",1,"veof",0.148546161497665,19
"11",2023-11-13,"Nov","6","p",2,"melu",2.20574449663999,19
"11",2023-11-13,"Nov","6","p",2,"trre",0.225353375938204,19
"11",2023-11-13,"Nov","6","p",3,"vepe",0.133065634653021,19
"11",2023-11-13,"Nov","6","p",5,"ni_p6_2",1.7297131214074,19
"11",2023-11-13,"Nov","6","p",5,"visa",0.282636997613172,19
"11",2023-11-13,"Nov","6","p",7,"ni_p6_1",67.5834237414784,19
"11",2023-11-13,"Nov","6","p",8,"shar",1.48332146418268,19
"11",2023-11-13,"Nov","6","p",10,"gedi",1.23325862504691,19
"11",2023-11-13,"Nov","6","p",14,"fear",300.057740745006,19
"11",2023-11-13,"Nov","6","p",14,"mear",3.50231217448241,19
"11",2023-11-13,"Nov","6","p",15,"elre",4.41252675937774,19
"11",2023-11-13,"Nov","6","p",16,"pore",7.27276913406509,19
"11",2023-11-13,"Nov","10","p",0.5,"asteraceae",0.0213701990690018,20
"11",2023-11-13,"Nov","10","p",0.5,"ni_p10_9",0.032319250736597,20
"11",2023-11-13,"Nov","10","p",0.5,"shar",0.00138163267099391,20
"11",2023-11-13,"Nov","10","p",1,"bepe",0.0257740981531565,20
"11",2023-11-13,"Nov","10","p",1,"kisp",0.12663449247572,20
"11",2023-11-13,"Nov","10","p",1,"ni_p10_8",0.012954387380367,20
"11",2023-11-13,"Nov","10","p",1,"plla",0.0470316101171358,20
"11",2023-11-13,"Nov","10","p",1,"veof",0.0777981179395038,20
"11",2023-11-13,"Nov","10","p",3,"ni_p10_2",3.04055824777246,20
"11",2023-11-13,"Nov","10","p",3,"ni_p10_7",0.460110233608348,20
"11",2023-11-13,"Nov","10","p",3,"to",0.0907579489753973,20
"11",2023-11-13,"Nov","10","p",4,"pore",0.666181469490184,20
"11",2023-11-13,"Nov","10","p",4,"vepe",0.571335050695925,20
"11",2023-11-13,"Nov","10","p",5,"mean",1.68948179034338,20
"11",2023-11-13,"Nov","10","p",5,"mear",1.85815354868789,20
"11",2023-11-13,"Nov","10","p",8,"ni_p10_5",74.4609152342583,20
"11",2023-11-13,"Nov","10","p",8,"ni_p10_6",20.6327003480304,20
"11",2023-11-13,"Nov","10","p",9,"gedi",0.306308298871925,20
"11",2023-11-13,"Nov","10","p",10,"lyar",32.9427183992752,20
"11",2023-11-13,"Nov","10","p",18,"elre",7.56852820074265,20
"11",2023-11-13,"Nov","15","p",0.5,"to",0.000563383439845511,12
"11",2023-11-13,"Nov","15","p",2,"coar",0.156529501535353,12
"11",2023-11-13,"Nov","15","p",2,"veof",0.943764843886349,12
"11",2023-11-13,"Nov","15","p",2,"visa",0.00845316691244613,12
"11",2023-11-13,"Nov","15","p",3,"ni_p15_5",0.573361439960579,12
"11",2023-11-13,"Nov","15","p",4,"plla",0.790271906363936,12
"11",2023-11-13,"Nov","15","p",5,"vepe",0.498366277323714,12
"11",2023-11-13,"Nov","15","p",6,"shar",2.54440632992551,12
"11",2023-11-13,"Nov","15","p",8,"mear",4.81468188644318,12
"11",2023-11-13,"Nov","15","p",8,"melu",4.55341137698381,12
"11",2023-11-13,"Nov","15","p",10,"mean",2.50165505761786,12
"11",2023-11-13,"Nov","15","p",10,"ni_p15_4",1.75318090561607,12
"11",2023-11-13,"Nov","4","wp",1,"ni_p4_3",0.178863093014445,16
"11",2023-11-13,"Nov","4","wp",2,"cabu",1.4649301547329,16
"11",2023-11-13,"Nov","4","wp",2,"ni_p4_1",0.193765386215386,16
"11",2023-11-13,"Nov","4","wp",2,"rabu",0.262088394349747,16
"11",2023-11-13,"Nov","4","wp",3,"cadi",10.314408948994,16
"11",2023-11-13,"Nov","4","wp",3,"gedi",0.203256796462273,16
"11",2023-11-13,"Nov","4","wp",4,"ni_p4_2",11.8433427588113,16
"11",2023-11-13,"Nov","4","wp",4,"ni_p4_5",1.5667880619775,16
"11",2023-11-13,"Nov","4","wp",5,"asteraceae",1.74822817966505,16
"11",2023-11-13,"Nov","4","wp",5,"to",0.331954685518884,16
"11",2023-11-13,"Nov","4","wp",6,"shar",1.09815174434631,16
"11",2023-11-13,"Nov","4","wp",6,"vepe",0.796379516405449,16
"11",2023-11-13,"Nov","4","wp",7,"elre",1.260049646635,16
"11",2023-11-13,"Nov","4","wp",10,"lyar",15.7502260523464,16
"11",2023-11-13,"Nov","4","wp",15,"plla",12.0878483415761,16
"11",2023-11-13,"Nov","4","wp",15,"rapa",0.0818506157682529,16
"11",2023-11-13,"Nov","5","wp",2,"trre",0.252703426671972,9
"11",2023-11-13,"Nov","5","wp",3,"to",0.00488221130223022,9
"11",2023-11-13,"Nov","5","wp",4,"shar",0.143617842236387,9
"11",2023-11-13,"Nov","5","wp",5,"coar",1.12903085549561,9
"11",2023-11-13,"Nov","5","wp",6,"mear",0.0119513522742792,9
"11",2023-11-13,"Nov","5","wp",10,"plla",3.18986287696543,9
"11",2023-11-13,"Nov","5","wp",15,"fear",38.6856134546628,9
"11",2023-11-13,"Nov","5","wp",20,"elre",4.34754204771399,9
"11",2023-11-13,"Nov","5","wp",25,"ni_p5_1",4.73937897721936,9
"11",2023-11-13,"Nov","12","wp",1,"ni_p12_2",0.00624055757176181,6
"11",2023-11-13,"Nov","12","wp",1,"to",0.000815201861289964,6
"11",2023-11-13,"Nov","12","wp",4,"coar",1.42390299226478,6
"11",2023-11-13,"Nov","12","wp",5,"melu",2.36487998070757,6
"11",2023-11-13,"Nov","12","wp",6,"rapa",0.026661395361345,6
"11",2023-11-13,"Nov","12","wp",40,"elre",16.3932350786513,6
"11",2023-11-13,"Nov","13","wp",0.5,"ni_p13_4",0.000832274432010253,14
"11",2023-11-13,"Nov","13","wp",0.5,"to",0.00206774082796193,14
"11",2023-11-13,"Nov","13","wp",1,"cadi",1.05319348395369,14
"11",2023-11-13,"Nov","13","wp",1,"mean",0.0571233591664278,14
"11",2023-11-13,"Nov","13","wp",1,"ni_p13_7",0.150161466737125,14
"11",2023-11-13,"Nov","13","wp",2,"ni_p13_6",0.354025892459404,14
"11",2023-11-13,"Nov","13","wp",2,"shar",0.244862696945183,14
"11",2023-11-13,"Nov","13","wp",3,"cabu",2.22938541638894,14
"11",2023-11-13,"Nov","13","wp",3,"elre",0.727067380910197,14
"11",2023-11-13,"Nov","13","wp",3,"ni_p13_1",2.98230792184214,14
"11",2023-11-13,"Nov","13","wp",4,"gedi",1.52208250191715,14
"11",2023-11-13,"Nov","13","wp",4,"ni_p13_2",1.02766992770555,14
"11",2023-11-13,"Nov","13","wp",10,"plla",6.41532665513769,14
"11",2023-11-13,"Nov","13","wp",60,"vepe",4.9340471575687,14
