"","sampling","treatment","date","month","code","species","family","genus_level","species_level","abundance","n_species","total_abundance"
"1","0","c",2023-05-04,"May","plla","Plantago lanceolata","Plantaginaceae","Plantago","lanceolata",3.25,30,110.5
"2","0","c",2023-05-04,"May","cyec","Cynosurus echinatus","Poaceae","Cynosurus","echinatus",0.5,30,110.5
"3","0","c",2023-05-04,"May","cegl","Cerastium glomeratum","Caryophyllaceae","Cerastium","glomeratum",1,30,110.5
"4","0","c",2023-05-04,"May","to","Torilis sp","Apieaceae","Torilis","sp",3,30,110.5
"5","0","c",2023-05-04,"May","fear","Festuca arundinacea","Poaceae","Festuca","arundinacea",27.5,30,110.5
"6","0","c",2023-05-04,"May","vear","Veronica arvensis","Plantaginaceae","Veronica","arvensis",0.5,30,110.5
"7","0","c",2023-05-04,"May","crca","Crepis capillaris","Asteraceae","Crepis","capillaris",0.25,30,110.5
"8","0","c",2023-05-04,"May","trdu","Trifolium dubium","Fabaceae","Trifolium","dubium",0.75,30,110.5
"9","0","c",2023-05-04,"May","mear","Medicago arabica","Fabaceae","Medicago","arabica",5.75,30,110.5
"10","0","c",2023-05-04,"May","visa","Vicia sativa","Fabaceae","Vicia","sativa",3,30,110.5
"11","0","c",2023-05-04,"May","pore","Potentilla reptans","Rosaceae","Potentilla","reptans",1.25,30,110.5
"12","0","c",2023-05-04,"May","loco","Lotus corniculatus","Fabeaceae","Lotus","corniculatus",0.5,30,110.5
"13","0","c",2023-05-04,"May","poan","Poa annua","Poaceae","Poa","annua",10.25,30,110.5
"14","0","c",2023-05-04,"May","libi","Linum bienne","Linaceae","Linum","bienne",0.75,30,110.5
"15","0","c",2023-05-04,"May","shar","Sherardia armensis","Rubeaceae","Sherardia","armensis",6,30,110.5
"16","0","c",2023-05-04,"May","bepe","Bellis perennis","Asteraceae","Bellis","perennis",3.75,30,110.5
"17","0","c",2023-05-04,"May","pobu","Poa bulbosa","Poaceae","Poa","bulbosa",0.75,30,110.5
"18","0","c",2023-05-04,"May","trfr","Trifolium fragiferum","Fabaceae","Trifolium","fragiferum",2.75,30,110.5
"19","0","c",2023-05-04,"May","coar","Convolvulus arvensis","Convolvulaceae","Convolvulus","arvensis",1.25,30,110.5
"20","0","c",2023-05-04,"May","brho","Bromus hordeaceus","Poaceae","Bromus","hordeaceus",12,30,110.5
"21","0","c",2023-05-04,"May","avst","Avena sterilis","Poaceae","Avena","sterilis",0.25,30,110.5
"22","0","c",2023-05-04,"May","rabu","Ranunculus bulbosus","Ranunculaceae","Ranunculus","bulbosus",3.25,30,110.5
"23","0","c",2023-05-04,"May","vepe","Veronica persica","Plantaginaceae","Veronica","persica",0.25,30,110.5
"24","0","c",2023-05-04,"May","rapa","Rannunculus parviflorus","Ranunculaceae","Rannunculus","parviflorus",5.25,30,110.5
"25","0","c",2023-05-04,"May","gedi","Geranium dissectum","Geraniaceae","Geranium","dissectum",2.25,30,110.5
"26","0","c",2023-05-04,"May","dagl","Dactilys glomerata","Poaceae","Dactilys","glomerata",0.75,30,110.5
"27","0","c",2023-05-04,"May","brst","Bromus sterillis","Poaceae","Bromus","sterillis",10,30,110.5
"28","0","c",2023-05-04,"May","trre","Trifolium repens","Fabaceae","Trifolium","repens",2.75,30,110.5
"29","0","c",2023-05-04,"May","gemo","Geranium molle","Geraniaceae","Geranium","molle",0.5,30,110.5
"30","0","c",2023-05-04,"May","valo","Valerianella locusta","Caprifoleaceae","Valerianella","locusta",0.5,30,110.5
"31","0","p",2023-05-04,"May","shar","Sherardia armensis","Rubeaceae","Sherardia","armensis",3.55,21,106.075
"32","0","p",2023-05-04,"May","poan","Poa annua","Poaceae","Poa","annua",0.25,21,106.075
"33","0","p",2023-05-04,"May","bepe","Bellis perennis","Asteraceae","Bellis","perennis",0.75,21,106.075
"34","0","p",2023-05-04,"May","brho","Bromus hordeaceus","Poaceae","Bromus","hordeaceus",6.5,21,106.075
"35","0","p",2023-05-04,"May","avst","Avena sterilis","Poaceae","Avena","sterilis",0.125,21,106.075
"36","0","p",2023-05-04,"May","brst","Bromus sterillis","Poaceae","Bromus","sterillis",33.75,21,106.075
"37","0","p",2023-05-04,"May","dagl","Dactilys glomerata","Poaceae","Dactilys","glomerata",2.75,21,106.075
"38","0","p",2023-05-04,"May","gedi","Geranium dissectum","Geraniaceae","Geranium","dissectum",2.75,21,106.075
"39","0","p",2023-05-04,"May","trfr","Trifolium fragiferum","Fabaceae","Trifolium","fragiferum",2.5,21,106.075
"40","0","p",2023-05-04,"May","trre","Trifolium repens","Fabaceae","Trifolium","repens",0.5,21,106.075
"41","0","p",2023-05-04,"May","coar","Convolvulus arvensis","Convolvulaceae","Convolvulus","arvensis",1.25,21,106.075
"42","0","p",2023-05-04,"May","visa","Vicia sativa","Fabaceae","Vicia","sativa",6.5,21,106.075
"43","0","p",2023-05-04,"May","rapa","Rannunculus parviflorus","Ranunculaceae","Rannunculus","parviflorus",5.775,21,106.075
"44","0","p",2023-05-04,"May","mear","Medicago arabica","Fabaceae","Medicago","arabica",4.25,21,106.075
"45","0","p",2023-05-04,"May","gemo","Geranium molle","Geraniaceae","Geranium","molle",0.125,21,106.075
"46","0","p",2023-05-04,"May","fear","Festuca arundinacea","Poaceae","Festuca","arundinacea",23.25,21,106.075
"47","0","p",2023-05-04,"May","vepe","Veronica persica","Plantaginaceae","Veronica","persica",0.25,21,106.075
"48","0","p",2023-05-04,"May","to","Torilis sp","Apieaceae","Torilis","sp",5.5,21,106.075
"49","0","p",2023-05-04,"May","pore","Potentilla reptans","Rosaceae","Potentilla","reptans",5,21,106.075
"50","0","p",2023-05-04,"May","trdu","Trifolium dubium","Fabaceae","Trifolium","dubium",0.25,21,106.075
"51","0","p",2023-05-04,"May","apar","Aphanes arvensis","Rosaceae","Aphanes","arvensis",0.5,21,106.075
"52","0","w",2023-05-04,"May","apar","Aphanes arvensis","Rosaceae","Aphanes","arvensis",0.25,23,108.475
"53","0","w",2023-05-04,"May","gemo","Geranium molle","Geraniaceae","Geranium","molle",0.125,23,108.475
"54","0","w",2023-05-04,"May","brst","Bromus sterillis","Poaceae","Bromus","sterillis",27.5,23,108.475
"55","0","w",2023-05-04,"May","avst","Avena sterilis","Poaceae","Avena","sterilis",0.125,23,108.475
"56","0","w",2023-05-04,"May","poan","Poa annua","Poaceae","Poa","annua",7.75,23,108.475
"57","0","w",2023-05-04,"May","libi","Linum bienne","Linaceae","Linum","bienne",0.05,23,108.475
"58","0","w",2023-05-04,"May","fear","Festuca arundinacea","Poaceae","Festuca","arundinacea",18.25,23,108.475
"59","0","w",2023-05-04,"May","bepe","Bellis perennis","Asteraceae","Bellis","perennis",0.5,23,108.475
"60","0","w",2023-05-04,"May","rabu","Ranunculus bulbosus","Ranunculaceae","Ranunculus","bulbosus",3.75,23,108.475
"61","0","w",2023-05-04,"May","mear","Medicago arabica","Fabaceae","Medicago","arabica",0.625,23,108.475
"62","0","w",2023-05-04,"May","coar","Convolvulus arvensis","Convolvulaceae","Convolvulus","arvensis",0.25,23,108.475
"63","0","w",2023-05-04,"May","brho","Bromus hordeaceus","Poaceae","Bromus","hordeaceus",2.75,23,108.475
"64","0","w",2023-05-04,"May","cegl","Cerastium glomeratum","Caryophyllaceae","Cerastium","glomeratum",0.5,23,108.475
"65","0","w",2023-05-04,"May","hyra","Hypochaeris radicata","Asteraceae","Hypochaeris","radicata",1,23,108.475
"66","0","w",2023-05-04,"May","plla","Plantago lanceolata","Plantaginaceae","Plantago","lanceolata",2.5,23,108.475
"67","0","w",2023-05-04,"May","rapa","Rannunculus parviflorus","Ranunculaceae","Rannunculus","parviflorus",16.3,23,108.475
"68","0","w",2023-05-04,"May","gedi","Geranium dissectum","Geraniaceae","Geranium","dissectum",10,23,108.475
"69","0","w",2023-05-04,"May","shar","Sherardia armensis","Rubeaceae","Sherardia","armensis",4.625,23,108.475
"70","0","w",2023-05-04,"May","pore","Potentilla reptans","Rosaceae","Potentilla","reptans",1.5,23,108.475
"71","0","w",2023-05-04,"May","trre","Trifolium repens","Fabaceae","Trifolium","repens",1,23,108.475
"72","0","w",2023-05-04,"May","visa","Vicia sativa","Fabaceae","Vicia","sativa",4,23,108.475
"73","0","w",2023-05-04,"May","to","Torilis sp","Apieaceae","Torilis","sp",3.625,23,108.475
"74","0","w",2023-05-04,"May","trdu","Trifolium dubium","Fabaceae","Trifolium","dubium",1.5,23,108.475
"75","0","wp",2023-05-04,"May","cegl","Cerastium glomeratum","Caryophyllaceae","Cerastium","glomeratum",0.5,23,104
"76","0","wp",2023-05-04,"May","rabu","Ranunculus bulbosus","Ranunculaceae","Ranunculus","bulbosus",0.5,23,104
"77","0","wp",2023-05-04,"May","opap","Ophrys apifera","Orchidaceae","Ophrys","apifera",0.25,23,104
"78","0","wp",2023-05-04,"May","coar","Convolvulus arvensis","Convolvulaceae","Convolvulus","arvensis",1.25,23,104
"79","0","wp",2023-05-04,"May","brst","Bromus sterillis","Poaceae","Bromus","sterillis",27.75,23,104
"80","0","wp",2023-05-04,"May","gedi","Geranium dissectum","Geraniaceae","Geranium","dissectum",8,23,104
"81","0","wp",2023-05-04,"May","poan","Poa annua","Poaceae","Poa","annua",4,23,104
"82","0","wp",2023-05-04,"May","fear","Festuca arundinacea","Poaceae","Festuca","arundinacea",2,23,104
"83","0","wp",2023-05-04,"May","shar","Sherardia armensis","Rubeaceae","Sherardia","armensis",5.75,23,104
"84","0","wp",2023-05-04,"May","rapa","Rannunculus parviflorus","Ranunculaceae","Rannunculus","parviflorus",11.25,23,104
"85","0","wp",2023-05-04,"May","cadi","Carex divulsa","Cyperaceae","Carex","divulsa",1,23,104
"86","0","wp",2023-05-04,"May","avst","Avena sterilis","Poaceae","Avena","sterilis",3.75,23,104
"87","0","wp",2023-05-04,"May","to","Torilis sp","Apieaceae","Torilis","sp",5.25,23,104
"88","0","wp",2023-05-04,"May","trre","Trifolium repens","Fabaceae","Trifolium","repens",2,23,104
"89","0","wp",2023-05-04,"May","gafr","Gaudinia fragilis","Poaceae","Gaudinia","fragilis",0.25,23,104
"90","0","wp",2023-05-04,"May","bepe","Bellis perennis","Asteraceae","Bellis","perennis",1,23,104
"91","0","wp",2023-05-04,"May","elre","Elymus repens","Poaceae","Elymus","repens",11.25,23,104
"92","0","wp",2023-05-04,"May","mear","Medicago arabica","Fabaceae","Medicago","arabica",5.75,23,104
"93","0","wp",2023-05-04,"May","vepe","Veronica persica","Plantaginaceae","Veronica","persica",0.75,23,104
"94","0","wp",2023-05-04,"May","brho","Bromus hordeaceus","Poaceae","Bromus","hordeaceus",4.75,23,104
"95","0","wp",2023-05-04,"May","libi","Linum bienne","Linaceae","Linum","bienne",0.5,23,104
"96","0","wp",2023-05-04,"May","plla","Plantago lanceolata","Plantaginaceae","Plantago","lanceolata",1.25,23,104
"97","0","wp",2023-05-04,"May","visa","Vicia sativa","Fabaceae","Vicia","sativa",5.25,23,104
"98","1","c",2023-05-16,"May","anpy","Anacamptis pyramidalis","Orchidaceae","Anacamptis","pyramidalis",0.25,35,107.3
"99","1","c",2023-05-16,"May","apar","Aphanes arvensis","Rosaceae","Aphanes","arvensis",0.125,35,107.3
"100","1","c",2023-05-16,"May","crca","Crepis capillaris","Asteraceae","Crepis","capillaris",0.25,35,107.3
"101","1","c",2023-05-16,"May","avst","Avena sterilis","Poaceae","Avena","sterilis",0.5,35,107.3
"102","1","c",2023-05-16,"May","dagl","Dactilys glomerata","Poaceae","Dactilys","glomerata",1,35,107.3
"103","1","c",2023-05-16,"May","bepe","Bellis perennis","Asteraceae","Bellis","perennis",1.5,35,107.3
"104","1","c",2023-05-16,"May","elre","Elymus repens","Poaceae","Elymus","repens",15,35,107.3
"105","1","c",2023-05-16,"May","brho","Bromus hordeaceus","Poaceae","Bromus","hordeaceus",9.5,35,107.3
"106","1","c",2023-05-16,"May","fear","Festuca arundinacea","Poaceae","Festuca","arundinacea",15,35,107.3
"107","1","c",2023-05-16,"May","brst","Bromus sterillis","Poaceae","Bromus","sterillis",8.5,35,107.3
"108","1","c",2023-05-16,"May","gafr","Gaudinia fragilis","Poaceae","Gaudinia","fragilis",0.125,35,107.3
"109","1","c",2023-05-16,"May","cegl","Cerastium glomeratum","Caryophyllaceae","Cerastium","glomeratum",1.25,35,107.3
"110","1","c",2023-05-16,"May","poan","Poa annua","Poaceae","Poa","annua",5.55,35,107.3
"111","1","c",2023-05-16,"May","coar","Convolvulus arvensis","Convolvulaceae","Convolvulus","arvensis",3.25,35,107.3
"112","1","c",2023-05-16,"May","trre","Trifolium repens","Fabaceae","Trifolium","repens",4.75,35,107.3
"113","1","c",2023-05-16,"May","pore","Potentilla reptans","Rosaceae","Potentilla","reptans",2.25,35,107.3
"114","1","c",2023-05-16,"May","cyec","Cynosurus echinatus","Poaceae","Cynosurus","echinatus",0.5,35,107.3
"115","1","c",2023-05-16,"May","libi","Linum bienne","Linaceae","Linum","bienne",0.5,35,107.3
"116","1","c",2023-05-16,"May","vepe","Veronica persica","Plantaginaceae","Veronica","persica",0.75,35,107.3
"117","1","c",2023-05-16,"May","loco","Lotus corniculatus","Fabeaceae","Lotus","corniculatus",0.125,35,107.3
"118","1","c",2023-05-16,"May","mear","Medicago arabica","Fabaceae","Medicago","arabica",7.75,35,107.3
"119","1","c",2023-05-16,"May","shar","Sherardia armensis","Rubeaceae","Sherardia","armensis",3.5,35,107.3
"120","1","c",2023-05-16,"May","opap","Ophrys apifera","Orchidaceae","Ophrys","apifera",0.25,35,107.3
"121","1","c",2023-05-16,"May","plla","Plantago lanceolata","Plantaginaceae","Plantago","lanceolata",3,35,107.3
"122","1","c",2023-05-16,"May","gedi","Geranium dissectum","Geraniaceae","Geranium","dissectum",1.75,35,107.3
"123","1","c",2023-05-16,"May","trdu","Trifolium dubium","Fabaceae","Trifolium","dubium",1.25,35,107.3
"124","1","c",2023-05-16,"May","gemo","Geranium molle","Geraniaceae","Geranium","molle",0.125,35,107.3
"125","1","c",2023-05-16,"May","pobu","Poa bulbosa","Poaceae","Poa","bulbosa",0.25,35,107.3
"126","1","c",2023-05-16,"May","rapa","Rannunculus parviflorus","Ranunculaceae","Rannunculus","parviflorus",4,35,107.3
"127","1","c",2023-05-16,"May","visa","Vicia sativa","Fabaceae","Vicia","sativa",3,35,107.3
"128","1","c",2023-05-16,"May","rabu","Ranunculus bulbosus","Ranunculaceae","Ranunculus","bulbosus",5,35,107.3
"129","1","c",2023-05-16,"May","vear","Veronica arvensis","Plantaginaceae","Veronica","arvensis",0.75,35,107.3
"130","1","c",2023-05-16,"May","to","Torilis sp","Apieaceae","Torilis","sp",4.5,35,107.3
"131","1","c",2023-05-16,"May","valo","Valerianella locusta","Caprifoleaceae","Valerianella","locusta",0.75,35,107.3
"132","1","c",2023-05-16,"May","trfr","Trifolium fragiferum","Fabaceae","Trifolium","fragiferum",0.75,35,107.3
"133","1","w",2023-05-16,"May","hyra","Hypochaeris radicata","Asteraceae","Hypochaeris","radicata",0.25,26,112.625
"134","1","w",2023-05-16,"May","brho","Bromus hordeaceus","Poaceae","Bromus","hordeaceus",5.25,26,112.625
"135","1","w",2023-05-16,"May","plla","Plantago lanceolata","Plantaginaceae","Plantago","lanceolata",3,26,112.625
"136","1","w",2023-05-16,"May","cegl","Cerastium glomeratum","Caryophyllaceae","Cerastium","glomeratum",0.875,26,112.625
"137","1","w",2023-05-16,"May","fear","Festuca arundinacea","Poaceae","Festuca","arundinacea",6.75,26,112.625
"138","1","w",2023-05-16,"May","apar","Aphanes arvensis","Rosaceae","Aphanes","arvensis",1,26,112.625
"139","1","w",2023-05-16,"May","homu","Hordeum murinum","Poaceae","Hordeum","murinum",0.75,26,112.625
"140","1","w",2023-05-16,"May","pore","Potentilla reptans","Rosaceae","Potentilla","reptans",1,26,112.625
"141","1","w",2023-05-16,"May","poan","Poa annua","Poaceae","Poa","annua",2.25,26,112.625
"142","1","w",2023-05-16,"May","libi","Linum bienne","Linaceae","Linum","bienne",0.25,26,112.625
"143","1","w",2023-05-16,"May","bepe","Bellis perennis","Asteraceae","Bellis","perennis",0.75,26,112.625
"144","1","w",2023-05-16,"May","elre","Elymus repens","Poaceae","Elymus","repens",20,26,112.625
"145","1","w",2023-05-16,"May","mear","Medicago arabica","Fabaceae","Medicago","arabica",3,26,112.625
"146","1","w",2023-05-16,"May","shar","Sherardia armensis","Rubeaceae","Sherardia","armensis",4.25,26,112.625
"147","1","w",2023-05-16,"May","brst","Bromus sterillis","Poaceae","Bromus","sterillis",18.75,26,112.625
"148","1","w",2023-05-16,"May","to","Torilis sp","Apieaceae","Torilis","sp",3.25,26,112.625
"149","1","w",2023-05-16,"May","gedi","Geranium dissectum","Geraniaceae","Geranium","dissectum",11,26,112.625
"150","1","w",2023-05-16,"May","trdu","Trifolium dubium","Fabaceae","Trifolium","dubium",1.5,26,112.625
"151","1","w",2023-05-16,"May","gemo","Geranium molle","Geraniaceae","Geranium","molle",0.25,26,112.625
"152","1","w",2023-05-16,"May","coar","Convolvulus arvensis","Convolvulaceae","Convolvulus","arvensis",1.75,26,112.625
"153","1","w",2023-05-16,"May","trre","Trifolium repens","Fabaceae","Trifolium","repens",2.75,26,112.625
"154","1","w",2023-05-16,"May","avst","Avena sterilis","Poaceae","Avena","sterilis",8.75,26,112.625
"155","1","w",2023-05-16,"May","rabu","Ranunculus bulbosus","Ranunculaceae","Ranunculus","bulbosus",3,26,112.625
"156","1","w",2023-05-16,"May","dagl","Dactilys glomerata","Poaceae","Dactilys","glomerata",0.5,26,112.625
"157","1","w",2023-05-16,"May","rapa","Rannunculus parviflorus","Ranunculaceae","Rannunculus","parviflorus",10.5,26,112.625
"158","1","w",2023-05-16,"May","visa","Vicia sativa","Fabaceae","Vicia","sativa",1.25,26,112.625
"159","10","c",2023-10-16,"Oct","bepe","Bellis perennis","Asteraceae","Bellis","perennis",0.75,16,75.625
"160","10","c",2023-10-16,"Oct","rabu","Ranunculus bulbosus","Ranunculaceae","Ranunculus","bulbosus",2.5,16,75.625
"161","10","c",2023-10-16,"Oct","pore","Potentilla reptans","Rosaceae","Potentilla","reptans",0.25,16,75.625
"162","10","c",2023-10-16,"Oct","elre","Elymus repens","Poaceae","Elymus","repens",35,16,75.625
"163","10","c",2023-10-16,"Oct","trfr","Trifolium fragiferum","Fabaceae","Trifolium","fragiferum",0.5,16,75.625
"164","10","c",2023-10-16,"Oct","coar","Convolvulus arvensis","Convolvulaceae","Convolvulus","arvensis",3.5,16,75.625
"165","10","c",2023-10-16,"Oct","vepe","Veronica persica","Plantaginaceae","Veronica","persica",0.25,16,75.625
"166","10","c",2023-10-16,"Oct","rucr","Rumex crispus","Polygonaceae","Rumex","crispus",0.5,16,75.625
"167","10","c",2023-10-16,"Oct","shar","Sherardia armensis","Rubeaceae","Sherardia","armensis",3,16,75.625
"168","10","c",2023-10-16,"Oct","dagl","Dactilys glomerata","Poaceae","Dactilys","glomerata",12.5,16,75.625
"169","10","c",2023-10-16,"Oct","trre","Trifolium repens","Fabaceae","Trifolium","repens",0.75,16,75.625
"170","10","c",2023-10-16,"Oct","gedi","Geranium dissectum","Geraniaceae","Geranium","dissectum",2,16,75.625
"171","10","c",2023-10-16,"Oct","to","Torilis sp","Apieaceae","Torilis","sp",0.375,16,75.625
"172","10","c",2023-10-16,"Oct","plla","Plantago lanceolata","Plantaginaceae","Plantago","lanceolata",4.25,16,75.625
"173","10","c",2023-10-16,"Oct","libi","Linum bienne","Linaceae","Linum","bienne",0.25,16,75.625
"174","10","c",2023-10-16,"Oct","fear","Festuca arundinacea","Poaceae","Festuca","arundinacea",9.25,16,75.625
"175","10","p",2023-10-16,"Oct","coar","Convolvulus arvensis","Convolvulaceae","Convolvulus","arvensis",7.5,19,69.375
"176","10","p",2023-10-16,"Oct","fear","Festuca arundinacea","Poaceae","Festuca","arundinacea",4.25,19,69.375
"177","10","p",2023-10-16,"Oct","trfr","Trifolium fragiferum","Fabaceae","Trifolium","fragiferum",2,19,69.375
"178","10","p",2023-10-16,"Oct","dagl","Dactilys glomerata","Poaceae","Dactilys","glomerata",1.25,19,69.375
"179","10","p",2023-10-16,"Oct","shar","Sherardia armensis","Rubeaceae","Sherardia","armensis",4.5,19,69.375
"180","10","p",2023-10-16,"Oct","pore","Potentilla reptans","Rosaceae","Potentilla","reptans",10.75,19,69.375
"181","10","p",2023-10-16,"Oct","gedi","Geranium dissectum","Geraniaceae","Geranium","dissectum",2,19,69.375
"182","10","p",2023-10-16,"Oct","mean","Mercurialis annua","Euphorbiaceae","Mercurialis","annua",4,19,69.375
"183","10","p",2023-10-16,"Oct","to","Torilis sp","Apieaceae","Torilis","sp",0.625,19,69.375
"184","10","p",2023-10-16,"Oct","mear","Medicago arabica","Fabaceae","Medicago","arabica",4.75,19,69.375
"185","10","p",2023-10-16,"Oct","lyar","Lysimachia arvensis","Primulaceae","Lysimachia","arvensis",2.5,19,69.375
"186","10","p",2023-10-16,"Oct","plla","Plantago lanceolata","Plantaginaceae","Plantago","lanceolata",0.75,19,69.375
"187","10","p",2023-10-16,"Oct","elre","Elymus repens","Poaceae","Elymus","repens",12.25,19,69.375
"188","10","p",2023-10-16,"Oct","bepe","Bellis perennis","Asteraceae","Bellis","perennis",0.25,19,69.375
"189","10","p",2023-10-16,"Oct","ch","Chenopodium sp","Amaranthaceae","Chenopodium",NA,5.75,19,69.375
"190","10","p",2023-10-16,"Oct","trre","Trifolium repens","Fabaceae","Trifolium","repens",0.25,19,69.375
"191","10","p",2023-10-16,"Oct","melu","Medicago lupulina","Fabaceae","Medicago","lupulina",2,19,69.375
"192","10","p",2023-10-16,"Oct","veof","Verbena officinalis","Verbenaceae","Verbena","officinalis",1.75,19,69.375
"193","10","p",2023-10-16,"Oct","vepe","Veronica persica","Plantaginaceae","Veronica","persica",2.25,19,69.375
"194","10","w",2023-10-16,"Oct","trre","Trifolium repens","Fabaceae","Trifolium","repens",1,13,62.625
"195","10","w",2023-10-16,"Oct","bepe","Bellis perennis","Asteraceae","Bellis","perennis",0.75,13,62.625
"196","10","w",2023-10-16,"Oct","dagl","Dactilys glomerata","Poaceae","Dactilys","glomerata",2.5,13,62.625
"197","10","w",2023-10-16,"Oct","cadi","Carex divulsa","Cyperaceae","Carex","divulsa",1.5,13,62.625
"198","10","w",2023-10-16,"Oct","pore","Potentilla reptans","Rosaceae","Potentilla","reptans",0.25,13,62.625
"199","10","w",2023-10-16,"Oct","elre","Elymus repens","Poaceae","Elymus","repens",30,13,62.625
"200","10","w",2023-10-16,"Oct","plla","Plantago lanceolata","Plantaginaceae","Plantago","lanceolata",0.75,13,62.625
"201","10","w",2023-10-16,"Oct","coar","Convolvulus arvensis","Convolvulaceae","Convolvulus","arvensis",8.25,13,62.625
"202","10","w",2023-10-16,"Oct","shar","Sherardia armensis","Rubeaceae","Sherardia","armensis",1.25,13,62.625
"203","10","w",2023-10-16,"Oct","fear","Festuca arundinacea","Poaceae","Festuca","arundinacea",13,13,62.625
"204","10","w",2023-10-16,"Oct","gedi","Geranium dissectum","Geraniaceae","Geranium","dissectum",2.75,13,62.625
"205","10","w",2023-10-16,"Oct","to","Torilis sp","Apieaceae","Torilis","sp",0.375,13,62.625
"206","10","w",2023-10-16,"Oct","libi","Linum bienne","Linaceae","Linum","bienne",0.25,13,62.625
"207","10","wp",2023-10-16,"Oct","lyar","Lysimachia arvensis","Primulaceae","Lysimachia","arvensis",4,18,66
"208","10","wp",2023-10-16,"Oct","mean","Mercurialis annua","Euphorbiaceae","Mercurialis","annua",0.25,18,66
"209","10","wp",2023-10-16,"Oct","rapa","Rannunculus parviflorus","Ranunculaceae","Rannunculus","parviflorus",0.25,18,66
"210","10","wp",2023-10-16,"Oct","mear","Medicago arabica","Fabaceae","Medicago","arabica",1,18,66
"211","10","wp",2023-10-16,"Oct","ch","Chenopodium sp","Amaranthaceae","Chenopodium",NA,0.75,18,66
"212","10","wp",2023-10-16,"Oct","gedi","Geranium dissectum","Geraniaceae","Geranium","dissectum",2,18,66
"213","10","wp",2023-10-16,"Oct","melu","Medicago lupulina","Fabaceae","Medicago","lupulina",0.5,18,66
"214","10","wp",2023-10-16,"Oct","to","Torilis sp","Apieaceae","Torilis","sp",0.25,18,66
"215","10","wp",2023-10-16,"Oct","coar","Convolvulus arvensis","Convolvulaceae","Convolvulus","arvensis",8.25,18,66
"216","10","wp",2023-10-16,"Oct","cabu","Capsella bursa-pastoris","Brasicaceae","Capsella","bursa-pastoris",0.5,18,66
"217","10","wp",2023-10-16,"Oct","plla","Plantago lanceolata","Plantaginaceae","Plantago","lanceolata",9,18,66
"218","10","wp",2023-10-16,"Oct","elre","Elymus repens","Poaceae","Elymus","repens",25.25,18,66
"219","10","wp",2023-10-16,"Oct","bepe","Bellis perennis","Asteraceae","Bellis","perennis",0.75,18,66
"220","10","wp",2023-10-16,"Oct","trre","Trifolium repens","Fabaceae","Trifolium","repens",0.5,18,66
"221","10","wp",2023-10-16,"Oct","cadi","Carex divulsa","Cyperaceae","Carex","divulsa",1.5,18,66
"222","10","wp",2023-10-16,"Oct","fear","Festuca arundinacea","Poaceae","Festuca","arundinacea",3,18,66
"223","10","wp",2023-10-16,"Oct","shar","Sherardia armensis","Rubeaceae","Sherardia","armensis",2.25,18,66
"224","10","wp",2023-10-16,"Oct","vepe","Veronica persica","Plantaginaceae","Veronica","persica",6,18,66
"225","11","c",2023-11-13,"Nov","bepe","Bellis perennis","Asteraceae","Bellis","perennis",1.25,17,73.375
"226","11","c",2023-11-13,"Nov","to","Torilis sp","Apieaceae","Torilis","sp",2.25,17,73.375
"227","11","c",2023-11-13,"Nov","rabu","Ranunculus bulbosus","Ranunculaceae","Ranunculus","bulbosus",6.75,17,73.375
"228","11","c",2023-11-13,"Nov","trre","Trifolium repens","Fabaceae","Trifolium","repens",0.5,17,73.375
"229","11","c",2023-11-13,"Nov","fear","Festuca arundinacea","Poaceae","Festuca","arundinacea",7.5,17,73.375
"230","11","c",2023-11-13,"Nov","rapa","Rannunculus parviflorus","Ranunculaceae","Rannunculus","parviflorus",0.5,17,73.375
"231","11","c",2023-11-13,"Nov","coar","Convolvulus arvensis","Convolvulaceae","Convolvulus","arvensis",0.875,17,73.375
"232","11","c",2023-11-13,"Nov","vepe","Veronica persica","Plantaginaceae","Veronica","persica",0.25,17,73.375
"233","11","c",2023-11-13,"Nov","rucr","Rumex crispus","Polygonaceae","Rumex","crispus",0.75,17,73.375
"234","11","c",2023-11-13,"Nov","shar","Sherardia armensis","Rubeaceae","Sherardia","armensis",3.5,17,73.375
"235","11","c",2023-11-13,"Nov","dagl","Dactilys glomerata","Poaceae","Dactilys","glomerata",6.25,17,73.375
"236","11","c",2023-11-13,"Nov","plla","Plantago lanceolata","Plantaginaceae","Plantago","lanceolata",3,17,73.375
"237","11","c",2023-11-13,"Nov","elre","Elymus repens","Poaceae","Elymus","repens",32.5,17,73.375
"238","11","c",2023-11-13,"Nov","visa","Vicia sativa","Fabaceae","Vicia","sativa",3,17,73.375
"239","11","c",2023-11-13,"Nov","gedi","Geranium dissectum","Geraniaceae","Geranium","dissectum",2.5,17,73.375
"240","11","c",2023-11-13,"Nov","trfr","Trifolium fragiferum","Fabaceae","Trifolium","fragiferum",0.75,17,73.375
"241","11","c",2023-11-13,"Nov","libi","Linum bienne","Linaceae","Linum","bienne",1.25,17,73.375
"242","11","p",2023-11-13,"Nov","dagl","Dactilys glomerata","Poaceae","Dactilys","glomerata",1.25,20,69.25
"243","11","p",2023-11-13,"Nov","kisp","Kickxia spuria","Plantaginaceae","Kickxia","spuria",0.25,20,69.25
"244","11","p",2023-11-13,"Nov","mean","Mercurialis annua","Euphorbiaceae","Mercurialis","annua",3.75,20,69.25
"245","11","p",2023-11-13,"Nov","coar","Convolvulus arvensis","Convolvulaceae","Convolvulus","arvensis",0.75,20,69.25
"246","11","p",2023-11-13,"Nov","bepe","Bellis perennis","Asteraceae","Bellis","perennis",1,20,69.25
"247","11","p",2023-11-13,"Nov","to","Torilis sp","Apieaceae","Torilis","sp",2.125,20,69.25
"248","11","p",2023-11-13,"Nov","melu","Medicago lupulina","Fabaceae","Medicago","lupulina",3.25,20,69.25
"249","11","p",2023-11-13,"Nov","shar","Sherardia armensis","Rubeaceae","Sherardia","armensis",5.125,20,69.25
"250","11","p",2023-11-13,"Nov","mear","Medicago arabica","Fabaceae","Medicago","arabica",7.5,20,69.25
"251","11","p",2023-11-13,"Nov","trre","Trifolium repens","Fabaceae","Trifolium","repens",0.5,20,69.25
"252","11","p",2023-11-13,"Nov","plla","Plantago lanceolata","Plantaginaceae","Plantago","lanceolata",3,20,69.25
"253","11","p",2023-11-13,"Nov","gedi","Geranium dissectum","Geraniaceae","Geranium","dissectum",6.25,20,69.25
"254","11","p",2023-11-13,"Nov","elre","Elymus repens","Poaceae","Elymus","repens",9.5,20,69.25
"255","11","p",2023-11-13,"Nov","visa","Vicia sativa","Fabaceae","Vicia","sativa",1.75,20,69.25
"256","11","p",2023-11-13,"Nov","pore","Potentilla reptans","Rosaceae","Potentilla","reptans",7.5,20,69.25
"257","11","p",2023-11-13,"Nov","trfr","Trifolium fragiferum","Fabaceae","Trifolium","fragiferum",2,20,69.25
"258","11","p",2023-11-13,"Nov","fear","Festuca arundinacea","Poaceae","Festuca","arundinacea",5,20,69.25
"259","11","p",2023-11-13,"Nov","veof","Verbena officinalis","Verbenaceae","Verbena","officinalis",1,20,69.25
"260","11","p",2023-11-13,"Nov","vepe","Veronica persica","Plantaginaceae","Veronica","persica",4,20,69.25
"261","11","p",2023-11-13,"Nov","lyar","Lysimachia arvensis","Primulaceae","Lysimachia","arvensis",3.75,20,69.25
"262","11","w",2023-11-13,"Nov","rabu","Ranunculus bulbosus","Ranunculaceae","Ranunculus","bulbosus",2,15,62
"263","11","w",2023-11-13,"Nov","coar","Convolvulus arvensis","Convolvulaceae","Convolvulus","arvensis",0.25,15,62
"264","11","w",2023-11-13,"Nov","rapa","Rannunculus parviflorus","Ranunculaceae","Rannunculus","parviflorus",0.125,15,62
"265","11","w",2023-11-13,"Nov","dagl","Dactilys glomerata","Poaceae","Dactilys","glomerata",2,15,62
"266","11","w",2023-11-13,"Nov","plla","Plantago lanceolata","Plantaginaceae","Plantago","lanceolata",1,15,62
"267","11","w",2023-11-13,"Nov","cadi","Carex divulsa","Cyperaceae","Carex","divulsa",1.25,15,62
"268","11","w",2023-11-13,"Nov","to","Torilis sp","Apieaceae","Torilis","sp",2.875,15,62
"269","11","w",2023-11-13,"Nov","visa","Vicia sativa","Fabaceae","Vicia","sativa",1.75,15,62
"270","11","w",2023-11-13,"Nov","shar","Sherardia armensis","Rubeaceae","Sherardia","armensis",2.75,15,62
"271","11","w",2023-11-13,"Nov","gedi","Geranium dissectum","Geraniaceae","Geranium","dissectum",4,15,62
"272","11","w",2023-11-13,"Nov","bepe","Bellis perennis","Asteraceae","Bellis","perennis",2.75,15,62
"273","11","w",2023-11-13,"Nov","elre","Elymus repens","Poaceae","Elymus","repens",28.75,15,62
"274","11","w",2023-11-13,"Nov","libi","Linum bienne","Linaceae","Linum","bienne",0.5,15,62
"275","11","w",2023-11-13,"Nov","pore","Potentilla reptans","Rosaceae","Potentilla","reptans",1,15,62
"276","11","w",2023-11-13,"Nov","fear","Festuca arundinacea","Poaceae","Festuca","arundinacea",11,15,62
"277","11","wp",2023-11-13,"Nov","mean","Mercurialis annua","Euphorbiaceae","Mercurialis","annua",0.25,17,69.875
"278","11","wp",2023-11-13,"Nov","melu","Medicago lupulina","Fabaceae","Medicago","lupulina",1.25,17,69.875
"279","11","wp",2023-11-13,"Nov","plla","Plantago lanceolata","Plantaginaceae","Plantago","lanceolata",8.75,17,69.875
"280","11","wp",2023-11-13,"Nov","shar","Sherardia armensis","Rubeaceae","Sherardia","armensis",3,17,69.875
"281","11","wp",2023-11-13,"Nov","cabu","Capsella bursa-pastoris","Brasicaceae","Capsella","bursa-pastoris",1.25,17,69.875
"282","11","wp",2023-11-13,"Nov","to","Torilis sp","Apieaceae","Torilis","sp",2.375,17,69.875
"283","11","wp",2023-11-13,"Nov","rabu","Ranunculus bulbosus","Ranunculaceae","Ranunculus","bulbosus",0.5,17,69.875
"284","11","wp",2023-11-13,"Nov","rapa","Rannunculus parviflorus","Ranunculaceae","Rannunculus","parviflorus",5.25,17,69.875
"285","11","wp",2023-11-13,"Nov","fear","Festuca arundinacea","Poaceae","Festuca","arundinacea",3.75,17,69.875
"286","11","wp",2023-11-13,"Nov","trre","Trifolium repens","Fabaceae","Trifolium","repens",0.5,17,69.875
"287","11","wp",2023-11-13,"Nov","cadi","Carex divulsa","Cyperaceae","Carex","divulsa",1,17,69.875
"288","11","wp",2023-11-13,"Nov","elre","Elymus repens","Poaceae","Elymus","repens",17.5,17,69.875
"289","11","wp",2023-11-13,"Nov","gedi","Geranium dissectum","Geraniaceae","Geranium","dissectum",1.75,17,69.875
"290","11","wp",2023-11-13,"Nov","vepe","Veronica persica","Plantaginaceae","Veronica","persica",16.5,17,69.875
"291","11","wp",2023-11-13,"Nov","coar","Convolvulus arvensis","Convolvulaceae","Convolvulus","arvensis",2.25,17,69.875
"292","11","wp",2023-11-13,"Nov","mear","Medicago arabica","Fabaceae","Medicago","arabica",1.5,17,69.875
"293","11","wp",2023-11-13,"Nov","lyar","Lysimachia arvensis","Primulaceae","Lysimachia","arvensis",2.5,17,69.875
"294","2","c",2023-06-14,"Jun","anpy","Anacamptis pyramidalis","Orchidaceae","Anacamptis","pyramidalis",0.25,32,109
"295","2","c",2023-06-14,"Jun","avst","Avena sterilis","Poaceae","Avena","sterilis",3.75,32,109
"296","2","c",2023-06-14,"Jun","mear","Medicago arabica","Fabaceae","Medicago","arabica",4.5,32,109
"297","2","c",2023-06-14,"Jun","bepe","Bellis perennis","Asteraceae","Bellis","perennis",0.75,32,109
"298","2","c",2023-06-14,"Jun","cyec","Cynosurus echinatus","Poaceae","Cynosurus","echinatus",1,32,109
"299","2","c",2023-06-14,"Jun","brho","Bromus hordeaceus","Poaceae","Bromus","hordeaceus",13.25,32,109
"300","2","c",2023-06-14,"Jun","dagl","Dactilys glomerata","Poaceae","Dactilys","glomerata",1,32,109
"301","2","c",2023-06-14,"Jun","brst","Bromus sterillis","Poaceae","Bromus","sterillis",8.75,32,109
"302","2","c",2023-06-14,"Jun","plla","Plantago lanceolata","Plantaginaceae","Plantago","lanceolata",4.25,32,109
"303","2","c",2023-06-14,"Jun","to","Torilis sp","Apieaceae","Torilis","sp",8.25,32,109
"304","2","c",2023-06-14,"Jun","poan","Poa annua","Poaceae","Poa","annua",7,32,109
"305","2","c",2023-06-14,"Jun","trdu","Trifolium dubium","Fabaceae","Trifolium","dubium",1,32,109
"306","2","c",2023-06-14,"Jun","coar","Convolvulus arvensis","Convolvulaceae","Convolvulus","arvensis",3.5,32,109
"307","2","c",2023-06-14,"Jun","libi","Linum bienne","Linaceae","Linum","bienne",3,32,109
"308","2","c",2023-06-14,"Jun","fear","Festuca arundinacea","Poaceae","Festuca","arundinacea",1.25,32,109
"309","2","c",2023-06-14,"Jun","rabu","Ranunculus bulbosus","Ranunculaceae","Ranunculus","bulbosus",3.5,32,109
"310","2","c",2023-06-14,"Jun","crca","Crepis capillaris","Asteraceae","Crepis","capillaris",0.5,32,109
"311","2","c",2023-06-14,"Jun","vear","Veronica arvensis","Plantaginaceae","Veronica","arvensis",0.75,32,109
"312","2","c",2023-06-14,"Jun","gafr","Gaudinia fragilis","Poaceae","Gaudinia","fragilis",0.25,32,109
"313","2","c",2023-06-14,"Jun","visa","Vicia sativa","Fabaceae","Vicia","sativa",3.5,32,109
"314","2","c",2023-06-14,"Jun","shar","Sherardia armensis","Rubeaceae","Sherardia","armensis",3.5,32,109
"315","2","c",2023-06-14,"Jun","trfr","Trifolium fragiferum","Fabaceae","Trifolium","fragiferum",5,32,109
"316","2","c",2023-06-14,"Jun","gemo","Geranium molle","Geraniaceae","Geranium","molle",0.25,32,109
"317","2","c",2023-06-14,"Jun","elre","Elymus repens","Poaceae","Elymus","repens",14.5,32,109
"318","2","c",2023-06-14,"Jun","loco","Lotus corniculatus","Fabeaceae","Lotus","corniculatus",0.25,32,109
"319","2","c",2023-06-14,"Jun","gedi","Geranium dissectum","Geraniaceae","Geranium","dissectum",4.75,32,109
"320","2","c",2023-06-14,"Jun","pore","Potentilla reptans","Rosaceae","Potentilla","reptans",2,32,109
"321","2","c",2023-06-14,"Jun","rapa","Rannunculus parviflorus","Ranunculaceae","Rannunculus","parviflorus",4.25,32,109
"322","2","c",2023-06-14,"Jun","opap","Ophrys apifera","Orchidaceae","Ophrys","apifera",0.75,32,109
"323","2","c",2023-06-14,"Jun","trre","Trifolium repens","Fabaceae","Trifolium","repens",2.75,32,109
"324","2","c",2023-06-14,"Jun","rucr","Rumex crispus","Polygonaceae","Rumex","crispus",0.5,32,109
"325","2","c",2023-06-14,"Jun","homu","Hordeum murinum","Poaceae","Hordeum","murinum",0.5,32,109
"326","2","p",2023-06-14,"Jun","coar","Convolvulus arvensis","Convolvulaceae","Convolvulus","arvensis",0.5,6,3.025
"327","2","p",2023-06-14,"Jun","dagl","Dactilys glomerata","Poaceae","Dactilys","glomerata",0.375,6,3.025
"328","2","p",2023-06-14,"Jun","elre","Elymus repens","Poaceae","Elymus","repens",0.875,6,3.025
"329","2","p",2023-06-14,"Jun","trfr","Trifolium fragiferum","Fabaceae","Trifolium","fragiferum",0.125,6,3.025
"330","2","p",2023-06-14,"Jun","pore","Potentilla reptans","Rosaceae","Potentilla","reptans",0.525,6,3.025
"331","2","p",2023-06-14,"Jun","fear","Festuca arundinacea","Poaceae","Festuca","arundinacea",0.625,6,3.025
"332","2","w",2023-06-14,"Jun","libi","Linum bienne","Linaceae","Linum","bienne",1,29,89.375
"333","2","w",2023-06-14,"Jun","brst","Bromus sterillis","Poaceae","Bromus","sterillis",10,29,89.375
"334","2","w",2023-06-14,"Jun","bepe","Bellis perennis","Asteraceae","Bellis","perennis",0.5,29,89.375
"335","2","w",2023-06-14,"Jun","cadi","Carex divulsa","Cyperaceae","Carex","divulsa",0.75,29,89.375
"336","2","w",2023-06-14,"Jun","cegl","Cerastium glomeratum","Caryophyllaceae","Cerastium","glomeratum",0.125,29,89.375
"337","2","w",2023-06-14,"Jun","avst","Avena sterilis","Poaceae","Avena","sterilis",5.25,29,89.375
"338","2","w",2023-06-14,"Jun","shar","Sherardia armensis","Rubeaceae","Sherardia","armensis",2.25,29,89.375
"339","2","w",2023-06-14,"Jun","coar","Convolvulus arvensis","Convolvulaceae","Convolvulus","arvensis",2.5,29,89.375
"340","2","w",2023-06-14,"Jun","pore","Potentilla reptans","Rosaceae","Potentilla","reptans",2.5,29,89.375
"341","2","w",2023-06-14,"Jun","homu","Hordeum murinum","Poaceae","Hordeum","murinum",0.5,29,89.375
"342","2","w",2023-06-14,"Jun","hyra","Hypochaeris radicata","Asteraceae","Hypochaeris","radicata",0.5,29,89.375
"343","2","w",2023-06-14,"Jun","mear","Medicago arabica","Fabaceae","Medicago","arabica",2.5,29,89.375
"344","2","w",2023-06-14,"Jun","cyec","Cynosurus echinatus","Poaceae","Cynosurus","echinatus",1,29,89.375
"345","2","w",2023-06-14,"Jun","brho","Bromus hordeaceus","Poaceae","Bromus","hordeaceus",3.5,29,89.375
"346","2","w",2023-06-14,"Jun","trre","Trifolium repens","Fabaceae","Trifolium","repens",2.5,29,89.375
"347","2","w",2023-06-14,"Jun","gedi","Geranium dissectum","Geraniaceae","Geranium","dissectum",8,29,89.375
"348","2","w",2023-06-14,"Jun","plla","Plantago lanceolata","Plantaginaceae","Plantago","lanceolata",1.5,29,89.375
"349","2","w",2023-06-14,"Jun","melu","Medicago lupulina","Fabaceae","Medicago","lupulina",1,29,89.375
"350","2","w",2023-06-14,"Jun","to","Torilis sp","Apieaceae","Torilis","sp",5.5,29,89.375
"351","2","w",2023-06-14,"Jun","poan","Poa annua","Poaceae","Poa","annua",4,29,89.375
"352","2","w",2023-06-14,"Jun","rabu","Ranunculus bulbosus","Ranunculaceae","Ranunculus","bulbosus",1.5,29,89.375
"353","2","w",2023-06-14,"Jun","visa","Vicia sativa","Fabaceae","Vicia","sativa",1.5,29,89.375
"354","2","w",2023-06-14,"Jun","fear","Festuca arundinacea","Poaceae","Festuca","arundinacea",9,29,89.375
"355","2","w",2023-06-14,"Jun","opap","Ophrys apifera","Orchidaceae","Ophrys","apifera",0.125,29,89.375
"356","2","w",2023-06-14,"Jun","dagl","Dactilys glomerata","Poaceae","Dactilys","glomerata",1,29,89.375
"357","2","w",2023-06-14,"Jun","rapa","Rannunculus parviflorus","Ranunculaceae","Rannunculus","parviflorus",7,29,89.375
"358","2","w",2023-06-14,"Jun","vear","Veronica arvensis","Plantaginaceae","Veronica","arvensis",0.125,29,89.375
"359","2","w",2023-06-14,"Jun","elre","Elymus repens","Poaceae","Elymus","repens",13.5,29,89.375
"360","2","w",2023-06-14,"Jun","gafr","Gaudinia fragilis","Poaceae","Gaudinia","fragilis",0.25,29,89.375
"361","2","wp",2023-06-14,"Jun","plla","Plantago lanceolata","Plantaginaceae","Plantago","lanceolata",0.3,7,5.85
"362","2","wp",2023-06-14,"Jun","dagl","Dactilys glomerata","Poaceae","Dactilys","glomerata",0.025,7,5.85
"363","2","wp",2023-06-14,"Jun","trre","Trifolium repens","Fabaceae","Trifolium","repens",0.325,7,5.85
"364","2","wp",2023-06-14,"Jun","fear","Festuca arundinacea","Poaceae","Festuca","arundinacea",1.75,7,5.85
"365","2","wp",2023-06-14,"Jun","cadi","Carex divulsa","Cyperaceae","Carex","divulsa",0.7,7,5.85
"366","2","wp",2023-06-14,"Jun","elre","Elymus repens","Poaceae","Elymus","repens",2.5,7,5.85
"367","2","wp",2023-06-14,"Jun","coar","Convolvulus arvensis","Convolvulaceae","Convolvulus","arvensis",0.25,7,5.85
"368","3","c",2023-06-28,"Jun","anpy","Anacamptis pyramidalis","Orchidaceae","Anacamptis","pyramidalis",0.25,22,96
"369","3","c",2023-06-28,"Jun","avst","Avena sterilis","Poaceae","Avena","sterilis",3.75,22,96
"370","3","c",2023-06-28,"Jun","libi","Linum bienne","Linaceae","Linum","bienne",5,22,96
"371","3","c",2023-06-28,"Jun","bepe","Bellis perennis","Asteraceae","Bellis","perennis",1.5,22,96
"372","3","c",2023-06-28,"Jun","dagl","Dactilys glomerata","Poaceae","Dactilys","glomerata",3.75,22,96
"373","3","c",2023-06-28,"Jun","trre","Trifolium repens","Fabaceae","Trifolium","repens",1.75,22,96
"374","3","c",2023-06-28,"Jun","cyec","Cynosurus echinatus","Poaceae","Cynosurus","echinatus",4.5,22,96
"375","3","c",2023-06-28,"Jun","rabu","Ranunculus bulbosus","Ranunculaceae","Ranunculus","bulbosus",1.25,22,96
"376","3","c",2023-06-28,"Jun","gemo","Geranium molle","Geraniaceae","Geranium","molle",0.25,22,96
"377","3","c",2023-06-28,"Jun","rucr","Rumex crispus","Polygonaceae","Rumex","crispus",0.25,22,96
"378","3","c",2023-06-28,"Jun","plla","Plantago lanceolata","Plantaginaceae","Plantago","lanceolata",5,22,96
"379","3","c",2023-06-28,"Jun","elre","Elymus repens","Poaceae","Elymus","repens",28.75,22,96
"380","3","c",2023-06-28,"Jun","pore","Potentilla reptans","Rosaceae","Potentilla","reptans",3.75,22,96
"381","3","c",2023-06-28,"Jun","hyra","Hypochaeris radicata","Asteraceae","Hypochaeris","radicata",0.75,22,96
"382","3","c",2023-06-28,"Jun","coar","Convolvulus arvensis","Convolvulaceae","Convolvulus","arvensis",3.25,22,96
"383","3","c",2023-06-28,"Jun","fear","Festuca arundinacea","Poaceae","Festuca","arundinacea",5,22,96
"384","3","c",2023-06-28,"Jun","poan","Poa annua","Poaceae","Poa","annua",15,22,96
"385","3","c",2023-06-28,"Jun","trfr","Trifolium fragiferum","Fabaceae","Trifolium","fragiferum",3.25,22,96
"386","3","c",2023-06-28,"Jun","gedi","Geranium dissectum","Geraniaceae","Geranium","dissectum",0.5,22,96
"387","3","c",2023-06-28,"Jun","gafr","Gaudinia fragilis","Poaceae","Gaudinia","fragilis",0.5,22,96
"388","3","c",2023-06-28,"Jun","shar","Sherardia armensis","Rubeaceae","Sherardia","armensis",0.5,22,96
"389","3","c",2023-06-28,"Jun","to","Torilis sp","Apieaceae","Torilis","sp",7.5,22,96
"390","3","p",2023-06-28,"Jun","plla","Plantago lanceolata","Plantaginaceae","Plantago","lanceolata",1,16,29.75
"391","3","p",2023-06-28,"Jun","lyar","Lysimachia arvensis","Primulaceae","Lysimachia","arvensis",0.5,16,29.75
"392","3","p",2023-06-28,"Jun","fear","Festuca arundinacea","Poaceae","Festuca","arundinacea",4,16,29.75
"393","3","p",2023-06-28,"Jun","shar","Sherardia armensis","Rubeaceae","Sherardia","armensis",2.25,16,29.75
"394","3","p",2023-06-28,"Jun","elre","Elymus repens","Poaceae","Elymus","repens",6.5,16,29.75
"395","3","p",2023-06-28,"Jun","brst","Bromus sterillis","Poaceae","Bromus","sterillis",1,16,29.75
"396","3","p",2023-06-28,"Jun","ch","Chenopodium sp","Amaranthaceae","Chenopodium",NA,1,16,29.75
"397","3","p",2023-06-28,"Jun","coar","Convolvulus arvensis","Convolvulaceae","Convolvulus","arvensis",3.5,16,29.75
"398","3","p",2023-06-28,"Jun","trfr","Trifolium fragiferum","Fabaceae","Trifolium","fragiferum",0.75,16,29.75
"399","3","p",2023-06-28,"Jun","kisp","Kickxia spuria","Plantaginaceae","Kickxia","spuria",0.25,16,29.75
"400","3","p",2023-06-28,"Jun","mean","Mercurialis annua","Euphorbiaceae","Mercurialis","annua",0.25,16,29.75
"401","3","p",2023-06-28,"Jun","mear","Medicago arabica","Fabaceae","Medicago","arabica",0.25,16,29.75
"402","3","p",2023-06-28,"Jun","vepe","Veronica persica","Plantaginaceae","Veronica","persica",0.25,16,29.75
"403","3","p",2023-06-28,"Jun","pore","Potentilla reptans","Rosaceae","Potentilla","reptans",7.25,16,29.75
"404","3","p",2023-06-28,"Jun","dagl","Dactilys glomerata","Poaceae","Dactilys","glomerata",0.75,16,29.75
"405","3","p",2023-06-28,"Jun","gedi","Geranium dissectum","Geraniaceae","Geranium","dissectum",0.25,16,29.75
"406","3","w",2023-06-28,"Jun","bepe","Bellis perennis","Asteraceae","Bellis","perennis",0.5,25,76.125
"407","3","w",2023-06-28,"Jun","pore","Potentilla reptans","Rosaceae","Potentilla","reptans",2.5,25,76.125
"408","3","w",2023-06-28,"Jun","crca","Crepis capillaris","Asteraceae","Crepis","capillaris",0.25,25,76.125
"409","3","w",2023-06-28,"Jun","cyec","Cynosurus echinatus","Poaceae","Cynosurus","echinatus",2.75,25,76.125
"410","3","w",2023-06-28,"Jun","melu","Medicago lupulina","Fabaceae","Medicago","lupulina",1,25,76.125
"411","3","w",2023-06-28,"Jun","libi","Linum bienne","Linaceae","Linum","bienne",0.5,25,76.125
"412","3","w",2023-06-28,"Jun","cegl","Cerastium glomeratum","Caryophyllaceae","Cerastium","glomeratum",1.25,25,76.125
"413","3","w",2023-06-28,"Jun","elre","Elymus repens","Poaceae","Elymus","repens",17.5,25,76.125
"414","3","w",2023-06-28,"Jun","rabu","Ranunculus bulbosus","Ranunculaceae","Ranunculus","bulbosus",2.5,25,76.125
"415","3","w",2023-06-28,"Jun","cadi","Carex divulsa","Cyperaceae","Carex","divulsa",1,25,76.125
"416","3","w",2023-06-28,"Jun","brst","Bromus sterillis","Poaceae","Bromus","sterillis",0.5,25,76.125
"417","3","w",2023-06-28,"Jun","gafr","Gaudinia fragilis","Poaceae","Gaudinia","fragilis",2,25,76.125
"418","3","w",2023-06-28,"Jun","plla","Plantago lanceolata","Plantaginaceae","Plantago","lanceolata",2.75,25,76.125
"419","3","w",2023-06-28,"Jun","fear","Festuca arundinacea","Poaceae","Festuca","arundinacea",16.5,25,76.125
"420","3","w",2023-06-28,"Jun","gedi","Geranium dissectum","Geraniaceae","Geranium","dissectum",1.5,25,76.125
"421","3","w",2023-06-28,"Jun","visa","Vicia sativa","Fabaceae","Vicia","sativa",0.5,25,76.125
"422","3","w",2023-06-28,"Jun","avst","Avena sterilis","Poaceae","Avena","sterilis",3.75,25,76.125
"423","3","w",2023-06-28,"Jun","shar","Sherardia armensis","Rubeaceae","Sherardia","armensis",1.25,25,76.125
"424","3","w",2023-06-28,"Jun","hyra","Hypochaeris radicata","Asteraceae","Hypochaeris","radicata",1.5,25,76.125
"425","3","w",2023-06-28,"Jun","coar","Convolvulus arvensis","Convolvulaceae","Convolvulus","arvensis",4.25,25,76.125
"426","3","w",2023-06-28,"Jun","trre","Trifolium repens","Fabaceae","Trifolium","repens",0.875,25,76.125
"427","3","w",2023-06-28,"Jun","poan","Poa annua","Poaceae","Poa","annua",2.5,25,76.125
"428","3","w",2023-06-28,"Jun","rapa","Rannunculus parviflorus","Ranunculaceae","Rannunculus","parviflorus",0.25,25,76.125
"429","3","w",2023-06-28,"Jun","dagl","Dactilys glomerata","Poaceae","Dactilys","glomerata",0.75,25,76.125
"430","3","w",2023-06-28,"Jun","to","Torilis sp","Apieaceae","Torilis","sp",7.5,25,76.125
"431","3","wp",2023-06-28,"Jun","ch","Chenopodium sp","Amaranthaceae","Chenopodium",NA,0.25,15,38.75
"432","3","wp",2023-06-28,"Jun","brho","Bromus hordeaceus","Poaceae","Bromus","hordeaceus",0.25,15,38.75
"433","3","wp",2023-06-28,"Jun","lyar","Lysimachia arvensis","Primulaceae","Lysimachia","arvensis",0.5,15,38.75
"434","3","wp",2023-06-28,"Jun","visa","Vicia sativa","Fabaceae","Vicia","sativa",0.25,15,38.75
"435","3","wp",2023-06-28,"Jun","shar","Sherardia armensis","Rubeaceae","Sherardia","armensis",2.25,15,38.75
"436","3","wp",2023-06-28,"Jun","coar","Convolvulus arvensis","Convolvulaceae","Convolvulus","arvensis",4.25,15,38.75
"437","3","wp",2023-06-28,"Jun","plla","Plantago lanceolata","Plantaginaceae","Plantago","lanceolata",2,15,38.75
"438","3","wp",2023-06-28,"Jun","elre","Elymus repens","Poaceae","Elymus","repens",13.75,15,38.75
"439","3","wp",2023-06-28,"Jun","gafr","Gaudinia fragilis","Poaceae","Gaudinia","fragilis",0.5,15,38.75
"440","3","wp",2023-06-28,"Jun","trre","Trifolium repens","Fabaceae","Trifolium","repens",1,15,38.75
"441","3","wp",2023-06-28,"Jun","brst","Bromus sterillis","Poaceae","Bromus","sterillis",0.75,15,38.75
"442","3","wp",2023-06-28,"Jun","fear","Festuca arundinacea","Poaceae","Festuca","arundinacea",12,15,38.75
"443","3","wp",2023-06-28,"Jun","cadi","Carex divulsa","Cyperaceae","Carex","divulsa",0.5,15,38.75
"444","3","wp",2023-06-28,"Jun","melu","Medicago lupulina","Fabaceae","Medicago","lupulina",0.25,15,38.75
"445","3","wp",2023-06-28,"Jun","vepe","Veronica persica","Plantaginaceae","Veronica","persica",0.25,15,38.75
"446","4","c",2023-07-11,"Jul","plla","Plantago lanceolata","Plantaginaceae","Plantago","lanceolata",3.5,12,67.25
"447","4","c",2023-07-11,"Jul","cegl","Cerastium glomeratum","Caryophyllaceae","Cerastium","glomeratum",0.25,12,67.25
"448","4","c",2023-07-11,"Jul","fear","Festuca arundinacea","Poaceae","Festuca","arundinacea",12.5,12,67.25
"449","4","c",2023-07-11,"Jul","poan","Poa annua","Poaceae","Poa","annua",10,12,67.25
"450","4","c",2023-07-11,"Jul","to","Torilis sp","Apieaceae","Torilis","sp",1.75,12,67.25
"451","4","c",2023-07-11,"Jul","trfr","Trifolium fragiferum","Fabaceae","Trifolium","fragiferum",4.5,12,67.25
"452","4","c",2023-07-11,"Jul","coar","Convolvulus arvensis","Convolvulaceae","Convolvulus","arvensis",4,12,67.25
"453","4","c",2023-07-11,"Jul","dagl","Dactilys glomerata","Poaceae","Dactilys","glomerata",7.5,12,67.25
"454","4","c",2023-07-11,"Jul","trre","Trifolium repens","Fabaceae","Trifolium","repens",0.25,12,67.25
"455","4","c",2023-07-11,"Jul","libi","Linum bienne","Linaceae","Linum","bienne",1.75,12,67.25
"456","4","c",2023-07-11,"Jul","pore","Potentilla reptans","Rosaceae","Potentilla","reptans",5,12,67.25
"457","4","c",2023-07-11,"Jul","elre","Elymus repens","Poaceae","Elymus","repens",16.25,12,67.25
"458","4","p",2023-07-11,"Jul","mear","Medicago arabica","Fabaceae","Medicago","arabica",0.25,17,47.25
"459","4","p",2023-07-11,"Jul","vepe","Veronica persica","Plantaginaceae","Veronica","persica",1.25,17,47.25
"460","4","p",2023-07-11,"Jul","he","Helminthotheca sp","Asteraceae ","Helminthotheca",NA,0.25,17,47.25
"461","4","p",2023-07-11,"Jul","kisp","Kickxia spuria","Plantaginaceae","Kickxia","spuria",1.25,17,47.25
"462","4","p",2023-07-11,"Jul","ch","Chenopodium sp","Amaranthaceae","Chenopodium",NA,4.25,17,47.25
"463","4","p",2023-07-11,"Jul","shar","Sherardia armensis","Rubeaceae","Sherardia","armensis",4.5,17,47.25
"464","4","p",2023-07-11,"Jul","pore","Potentilla reptans","Rosaceae","Potentilla","reptans",8.75,17,47.25
"465","4","p",2023-07-11,"Jul","elre","Elymus repens","Poaceae","Elymus","repens",8.5,17,47.25
"466","4","p",2023-07-11,"Jul","coar","Convolvulus arvensis","Convolvulaceae","Convolvulus","arvensis",4.5,17,47.25
"467","4","p",2023-07-11,"Jul","plla","Plantago lanceolata","Plantaginaceae","Plantago","lanceolata",0.75,17,47.25
"468","4","p",2023-07-11,"Jul","trfr","Trifolium fragiferum","Fabaceae","Trifolium","fragiferum",3,17,47.25
"469","4","p",2023-07-11,"Jul","fear","Festuca arundinacea","Poaceae","Festuca","arundinacea",5.5,17,47.25
"470","4","p",2023-07-11,"Jul","brst","Bromus sterillis","Poaceae","Bromus","sterillis",0.75,17,47.25
"471","4","p",2023-07-11,"Jul","dagl","Dactilys glomerata","Poaceae","Dactilys","glomerata",2,17,47.25
"472","4","p",2023-07-11,"Jul","lyar","Lysimachia arvensis","Primulaceae","Lysimachia","arvensis",0.5,17,47.25
"473","4","p",2023-07-11,"Jul","mean","Mercurialis annua","Euphorbiaceae","Mercurialis","annua",1,17,47.25
"474","4","p",2023-07-11,"Jul","melu","Medicago lupulina","Fabaceae","Medicago","lupulina",0.25,17,47.25
"475","4","w",2023-07-11,"Jul","bepe","Bellis perennis","Asteraceae","Bellis","perennis",1.125,16,61.5
"476","4","w",2023-07-11,"Jul","poan","Poa annua","Poaceae","Poa","annua",3.5,16,61.5
"477","4","w",2023-07-11,"Jul","trre","Trifolium repens","Fabaceae","Trifolium","repens",0.5,16,61.5
"478","4","w",2023-07-11,"Jul","cadi","Carex divulsa","Cyperaceae","Carex","divulsa",3.25,16,61.5
"479","4","w",2023-07-11,"Jul","pore","Potentilla reptans","Rosaceae","Potentilla","reptans",2.5,16,61.5
"480","4","w",2023-07-11,"Jul","elre","Elymus repens","Poaceae","Elymus","repens",21.25,16,61.5
"481","4","w",2023-07-11,"Jul","cegl","Cerastium glomeratum","Caryophyllaceae","Cerastium","glomeratum",0.625,16,61.5
"482","4","w",2023-07-11,"Jul","shar","Sherardia armensis","Rubeaceae","Sherardia","armensis",0.5,16,61.5
"483","4","w",2023-07-11,"Jul","cyec","Cynosurus echinatus","Poaceae","Cynosurus","echinatus",1,16,61.5
"484","4","w",2023-07-11,"Jul","coar","Convolvulus arvensis","Convolvulaceae","Convolvulus","arvensis",3.5,16,61.5
"485","4","w",2023-07-11,"Jul","to","Torilis sp","Apieaceae","Torilis","sp",2,16,61.5
"486","4","w",2023-07-11,"Jul","plla","Plantago lanceolata","Plantaginaceae","Plantago","lanceolata",3.75,16,61.5
"487","4","w",2023-07-11,"Jul","libi","Linum bienne","Linaceae","Linum","bienne",0.5,16,61.5
"488","4","w",2023-07-11,"Jul","dagl","Dactilys glomerata","Poaceae","Dactilys","glomerata",3.5,16,61.5
"489","4","w",2023-07-11,"Jul","hyra","Hypochaeris radicata","Asteraceae","Hypochaeris","radicata",0.25,16,61.5
"490","4","w",2023-07-11,"Jul","fear","Festuca arundinacea","Poaceae","Festuca","arundinacea",13.75,16,61.5
"491","4","wp",2023-07-11,"Jul","vepe","Veronica persica","Plantaginaceae","Veronica","persica",0.25,13,45.25
"492","4","wp",2023-07-11,"Jul","lyar","Lysimachia arvensis","Primulaceae","Lysimachia","arvensis",0.75,13,45.25
"493","4","wp",2023-07-11,"Jul","shar","Sherardia armensis","Rubeaceae","Sherardia","armensis",2.25,13,45.25
"494","4","wp",2023-07-11,"Jul","cadi","Carex divulsa","Cyperaceae","Carex","divulsa",1,13,45.25
"495","4","wp",2023-07-11,"Jul","coar","Convolvulus arvensis","Convolvulaceae","Convolvulus","arvensis",4.25,13,45.25
"496","4","wp",2023-07-11,"Jul","gafr","Gaudinia fragilis","Poaceae","Gaudinia","fragilis",1.25,13,45.25
"497","4","wp",2023-07-11,"Jul","trfr","Trifolium fragiferum","Fabaceae","Trifolium","fragiferum",1,13,45.25
"498","4","wp",2023-07-11,"Jul","plla","Plantago lanceolata","Plantaginaceae","Plantago","lanceolata",7.25,13,45.25
"499","4","wp",2023-07-11,"Jul","brst","Bromus sterillis","Poaceae","Bromus","sterillis",0.25,13,45.25
"500","4","wp",2023-07-11,"Jul","poan","Poa annua","Poaceae","Poa","annua",1.5,13,45.25
"501","4","wp",2023-07-11,"Jul","dagl","Dactilys glomerata","Poaceae","Dactilys","glomerata",2,13,45.25
"502","4","wp",2023-07-11,"Jul","elre","Elymus repens","Poaceae","Elymus","repens",20.5,13,45.25
"503","4","wp",2023-07-11,"Jul","fear","Festuca arundinacea","Poaceae","Festuca","arundinacea",3,13,45.25
"504","5","c",2023-07-26,"Jul","bepe","Bellis perennis","Asteraceae","Bellis","perennis",0.25,13,91.75
"505","5","c",2023-07-26,"Jul","poan","Poa annua","Poaceae","Poa","annua",10,13,91.75
"506","5","c",2023-07-26,"Jul","dagl","Dactilys glomerata","Poaceae","Dactilys","glomerata",11.25,13,91.75
"507","5","c",2023-07-26,"Jul","pore","Potentilla reptans","Rosaceae","Potentilla","reptans",2.5,13,91.75
"508","5","c",2023-07-26,"Jul","elre","Elymus repens","Poaceae","Elymus","repens",31,13,91.75
"509","5","c",2023-07-26,"Jul","cegl","Cerastium glomeratum","Caryophyllaceae","Cerastium","glomeratum",0.25,13,91.75
"510","5","c",2023-07-26,"Jul","trfr","Trifolium fragiferum","Fabaceae","Trifolium","fragiferum",4.25,13,91.75
"511","5","c",2023-07-26,"Jul","plla","Plantago lanceolata","Plantaginaceae","Plantago","lanceolata",9.25,13,91.75
"512","5","c",2023-07-26,"Jul","fear","Festuca arundinacea","Poaceae","Festuca","arundinacea",12,13,91.75
"513","5","c",2023-07-26,"Jul","hyra","Hypochaeris radicata","Asteraceae","Hypochaeris","radicata",0.5,13,91.75
"514","5","c",2023-07-26,"Jul","trre","Trifolium repens","Fabaceae","Trifolium","repens",2.25,13,91.75
"515","5","c",2023-07-26,"Jul","libi","Linum bienne","Linaceae","Linum","bienne",2.75,13,91.75
"516","5","c",2023-07-26,"Jul","coar","Convolvulus arvensis","Convolvulaceae","Convolvulus","arvensis",5.5,13,91.75
"517","5","p",2023-07-26,"Jul","coar","Convolvulus arvensis","Convolvulaceae","Convolvulus","arvensis",6.25,21,79.375
"518","5","p",2023-07-26,"Jul","cyec","Cynosurus echinatus","Poaceae","Cynosurus","echinatus",0.25,21,79.375
"519","5","p",2023-07-26,"Jul","he","Helminthotheca sp","Asteraceae ","Helminthotheca",NA,1.5,21,79.375
"520","5","p",2023-07-26,"Jul","hyra","Hypochaeris radicata","Asteraceae","Hypochaeris","radicata",0.75,21,79.375
"521","5","p",2023-07-26,"Jul","plla","Plantago lanceolata","Plantaginaceae","Plantago","lanceolata",1.25,21,79.375
"522","5","p",2023-07-26,"Jul","kisp","Kickxia spuria","Plantaginaceae","Kickxia","spuria",3,21,79.375
"523","5","p",2023-07-26,"Jul","ch","Chenopodium sp","Amaranthaceae","Chenopodium",NA,8,21,79.375
"524","5","p",2023-07-26,"Jul","libi","Linum bienne","Linaceae","Linum","bienne",0.25,21,79.375
"525","5","p",2023-07-26,"Jul","lyar","Lysimachia arvensis","Primulaceae","Lysimachia","arvensis",1.5,21,79.375
"526","5","p",2023-07-26,"Jul","fear","Festuca arundinacea","Poaceae","Festuca","arundinacea",6,21,79.375
"527","5","p",2023-07-26,"Jul","mear","Medicago arabica","Fabaceae","Medicago","arabica",0.625,21,79.375
"528","5","p",2023-07-26,"Jul","elre","Elymus repens","Poaceae","Elymus","repens",16.25,21,79.375
"529","5","p",2023-07-26,"Jul","dagl","Dactilys glomerata","Poaceae","Dactilys","glomerata",2.5,21,79.375
"530","5","p",2023-07-26,"Jul","melu","Medicago lupulina","Fabaceae","Medicago","lupulina",1,21,79.375
"531","5","p",2023-07-26,"Jul","mean","Mercurialis annua","Euphorbiaceae","Mercurialis","annua",2.25,21,79.375
"532","5","p",2023-07-26,"Jul","shar","Sherardia armensis","Rubeaceae","Sherardia","armensis",7.5,21,79.375
"533","5","p",2023-07-26,"Jul","brho","Bromus hordeaceus","Poaceae","Bromus","hordeaceus",0.25,21,79.375
"534","5","p",2023-07-26,"Jul","pore","Potentilla reptans","Rosaceae","Potentilla","reptans",10.5,21,79.375
"535","5","p",2023-07-26,"Jul","veof","Verbena officinalis","Verbenaceae","Verbena","officinalis",0.5,21,79.375
"536","5","p",2023-07-26,"Jul","vepe","Veronica persica","Plantaginaceae","Veronica","persica",3,21,79.375
"537","5","p",2023-07-26,"Jul","trfr","Trifolium fragiferum","Fabaceae","Trifolium","fragiferum",6.25,21,79.375
"538","5","w",2023-07-26,"Jul","avst","Avena sterilis","Poaceae","Avena","sterilis",0.5,14,61.75
"539","5","w",2023-07-26,"Jul","rabu","Ranunculus bulbosus","Ranunculaceae","Ranunculus","bulbosus",0.5,14,61.75
"540","5","w",2023-07-26,"Jul","bepe","Bellis perennis","Asteraceae","Bellis","perennis",0.25,14,61.75
"541","5","w",2023-07-26,"Jul","trre","Trifolium repens","Fabaceae","Trifolium","repens",1.75,14,61.75
"542","5","w",2023-07-26,"Jul","cadi","Carex divulsa","Cyperaceae","Carex","divulsa",4.5,14,61.75
"543","5","w",2023-07-26,"Jul","plla","Plantago lanceolata","Plantaginaceae","Plantago","lanceolata",3,14,61.75
"544","5","w",2023-07-26,"Jul","elre","Elymus repens","Poaceae","Elymus","repens",21.25,14,61.75
"545","5","w",2023-07-26,"Jul","cegl","Cerastium glomeratum","Caryophyllaceae","Cerastium","glomeratum",1,14,61.75
"546","5","w",2023-07-26,"Jul","pore","Potentilla reptans","Rosaceae","Potentilla","reptans",2.5,14,61.75
"547","5","w",2023-07-26,"Jul","coar","Convolvulus arvensis","Convolvulaceae","Convolvulus","arvensis",6,14,61.75
"548","5","w",2023-07-26,"Jul","dagl","Dactilys glomerata","Poaceae","Dactilys","glomerata",4.75,14,61.75
"549","5","w",2023-07-26,"Jul","hyra","Hypochaeris radicata","Asteraceae","Hypochaeris","radicata",1.25,14,61.75
"550","5","w",2023-07-26,"Jul","fear","Festuca arundinacea","Poaceae","Festuca","arundinacea",13.5,14,61.75
"551","5","w",2023-07-26,"Jul","libi","Linum bienne","Linaceae","Linum","bienne",1,14,61.75
"552","5","wp",2023-07-26,"Jul","gafr","Gaudinia fragilis","Poaceae","Gaudinia","fragilis",0.75,13,71.5
"553","5","wp",2023-07-26,"Jul","plla","Plantago lanceolata","Plantaginaceae","Plantago","lanceolata",18,13,71.5
"554","5","wp",2023-07-26,"Jul","fear","Festuca arundinacea","Poaceae","Festuca","arundinacea",4.25,13,71.5
"555","5","wp",2023-07-26,"Jul","mear","Medicago arabica","Fabaceae","Medicago","arabica",1,13,71.5
"556","5","wp",2023-07-26,"Jul","coar","Convolvulus arvensis","Convolvulaceae","Convolvulus","arvensis",5.75,13,71.5
"557","5","wp",2023-07-26,"Jul","lyar","Lysimachia arvensis","Primulaceae","Lysimachia","arvensis",2.5,13,71.5
"558","5","wp",2023-07-26,"Jul","trfr","Trifolium fragiferum","Fabaceae","Trifolium","fragiferum",0.75,13,71.5
"559","5","wp",2023-07-26,"Jul","elre","Elymus repens","Poaceae","Elymus","repens",28.5,13,71.5
"560","5","wp",2023-07-26,"Jul","dagl","Dactilys glomerata","Poaceae","Dactilys","glomerata",2,13,71.5
"561","5","wp",2023-07-26,"Jul","trre","Trifolium repens","Fabaceae","Trifolium","repens",0.5,13,71.5
"562","5","wp",2023-07-26,"Jul","cadi","Carex divulsa","Cyperaceae","Carex","divulsa",2,13,71.5
"563","5","wp",2023-07-26,"Jul","shar","Sherardia armensis","Rubeaceae","Sherardia","armensis",4,13,71.5
"564","5","wp",2023-07-26,"Jul","vepe","Veronica persica","Plantaginaceae","Veronica","persica",1.5,13,71.5
"565","6","c",2023-08-22,"Aug","pore","Potentilla reptans","Rosaceae","Potentilla","reptans",1.5,8,38.75
"566","6","c",2023-08-22,"Aug","elre","Elymus repens","Poaceae","Elymus","repens",12.25,8,38.75
"567","6","c",2023-08-22,"Aug","dagl","Dactilys glomerata","Poaceae","Dactilys","glomerata",7.75,8,38.75
"568","6","c",2023-08-22,"Aug","libi","Linum bienne","Linaceae","Linum","bienne",0.5,8,38.75
"569","6","c",2023-08-22,"Aug","fear","Festuca arundinacea","Poaceae","Festuca","arundinacea",6.25,8,38.75
"570","6","c",2023-08-22,"Aug","plla","Plantago lanceolata","Plantaginaceae","Plantago","lanceolata",4.25,8,38.75
"571","6","c",2023-08-22,"Aug","trfr","Trifolium fragiferum","Fabaceae","Trifolium","fragiferum",2,8,38.75
"572","6","c",2023-08-22,"Aug","coar","Convolvulus arvensis","Convolvulaceae","Convolvulus","arvensis",4.25,8,38.75
"573","6","p",2023-08-22,"Aug","elre","Elymus repens","Poaceae","Elymus","repens",10,18,77.75
"574","6","p",2023-08-22,"Aug","hyra","Hypochaeris radicata","Asteraceae","Hypochaeris","radicata",0.75,18,77.75
"575","6","p",2023-08-22,"Aug","vepe","Veronica persica","Plantaginaceae","Veronica","persica",0.5,18,77.75
"576","6","p",2023-08-22,"Aug","pore","Potentilla reptans","Rosaceae","Potentilla","reptans",12,18,77.75
"577","6","p",2023-08-22,"Aug","coar","Convolvulus arvensis","Convolvulaceae","Convolvulus","arvensis",7.5,18,77.75
"578","6","p",2023-08-22,"Aug","shar","Sherardia armensis","Rubeaceae","Sherardia","armensis",3,18,77.75
"579","6","p",2023-08-22,"Aug","kisp","Kickxia spuria","Plantaginaceae","Kickxia","spuria",3,18,77.75
"580","6","p",2023-08-22,"Aug","mear","Medicago arabica","Fabaceae","Medicago","arabica",1.5,18,77.75
"581","6","p",2023-08-22,"Aug","dagl","Dactilys glomerata","Poaceae","Dactilys","glomerata",0.75,18,77.75
"582","6","p",2023-08-22,"Aug","melu","Medicago lupulina","Fabaceae","Medicago","lupulina",2,18,77.75
"583","6","p",2023-08-22,"Aug","ch","Chenopodium sp","Amaranthaceae","Chenopodium",NA,13.75,18,77.75
"584","6","p",2023-08-22,"Aug","fear","Festuca arundinacea","Poaceae","Festuca","arundinacea",4.5,18,77.75
"585","6","p",2023-08-22,"Aug","plla","Plantago lanceolata","Plantaginaceae","Plantago","lanceolata",3,18,77.75
"586","6","p",2023-08-22,"Aug","he","Helminthotheca sp","Asteraceae ","Helminthotheca",NA,4.5,18,77.75
"587","6","p",2023-08-22,"Aug","mean","Mercurialis annua","Euphorbiaceae","Mercurialis","annua",3.75,18,77.75
"588","6","p",2023-08-22,"Aug","veof","Verbena officinalis","Verbenaceae","Verbena","officinalis",1.5,18,77.75
"589","6","p",2023-08-22,"Aug","lyar","Lysimachia arvensis","Primulaceae","Lysimachia","arvensis",0.75,18,77.75
"590","6","p",2023-08-22,"Aug","trfr","Trifolium fragiferum","Fabaceae","Trifolium","fragiferum",5,18,77.75
"591","6","w",2023-08-22,"Aug","avst","Avena sterilis","Poaceae","Avena","sterilis",0.5,10,40
"592","6","w",2023-08-22,"Aug","elre","Elymus repens","Poaceae","Elymus","repens",5.25,10,40
"593","6","w",2023-08-22,"Aug","cadi","Carex divulsa","Cyperaceae","Carex","divulsa",4.5,10,40
"594","6","w",2023-08-22,"Aug","trre","Trifolium repens","Fabaceae","Trifolium","repens",1.5,10,40
"595","6","w",2023-08-22,"Aug","rabu","Ranunculus bulbosus","Ranunculaceae","Ranunculus","bulbosus",0.25,10,40
"596","6","w",2023-08-22,"Aug","fear","Festuca arundinacea","Poaceae","Festuca","arundinacea",12.25,10,40
"597","6","w",2023-08-22,"Aug","plla","Plantago lanceolata","Plantaginaceae","Plantago","lanceolata",5,10,40
"598","6","w",2023-08-22,"Aug","coar","Convolvulus arvensis","Convolvulaceae","Convolvulus","arvensis",6.5,10,40
"599","6","w",2023-08-22,"Aug","pore","Potentilla reptans","Rosaceae","Potentilla","reptans",2,10,40
"600","6","w",2023-08-22,"Aug","dagl","Dactilys glomerata","Poaceae","Dactilys","glomerata",2.25,10,40
"601","6","wp",2023-08-22,"Aug","trre","Trifolium repens","Fabaceae","Trifolium","repens",0.25,11,39
"602","6","wp",2023-08-22,"Aug","coar","Convolvulus arvensis","Convolvulaceae","Convolvulus","arvensis",4.25,11,39
"603","6","wp",2023-08-22,"Aug","plla","Plantago lanceolata","Plantaginaceae","Plantago","lanceolata",10.25,11,39
"604","6","wp",2023-08-22,"Aug","lyar","Lysimachia arvensis","Primulaceae","Lysimachia","arvensis",2,11,39
"605","6","wp",2023-08-22,"Aug","cabu","Capsella bursa-pastoris","Brasicaceae","Capsella","bursa-pastoris",0.25,11,39
"606","6","wp",2023-08-22,"Aug","shar","Sherardia armensis","Rubeaceae","Sherardia","armensis",1,11,39
"607","6","wp",2023-08-22,"Aug","elre","Elymus repens","Poaceae","Elymus","repens",13.5,11,39
"608","6","wp",2023-08-22,"Aug","cadi","Carex divulsa","Cyperaceae","Carex","divulsa",1.5,11,39
"609","6","wp",2023-08-22,"Aug","ch","Chenopodium sp","Amaranthaceae","Chenopodium",NA,0.25,11,39
"610","6","wp",2023-08-22,"Aug","fear","Festuca arundinacea","Poaceae","Festuca","arundinacea",3.75,11,39
"611","6","wp",2023-08-22,"Aug","mear","Medicago arabica","Fabaceae","Medicago","arabica",2,11,39
"612","7","c",2023-09-04,"Sep","fear","Festuca arundinacea","Poaceae","Festuca","arundinacea",11.25,9,50.25
"613","7","c",2023-09-04,"Sep","elre","Elymus repens","Poaceae","Elymus","repens",14,9,50.25
"614","7","c",2023-09-04,"Sep","trfr","Trifolium fragiferum","Fabaceae","Trifolium","fragiferum",3,9,50.25
"615","7","c",2023-09-04,"Sep","dagl","Dactilys glomerata","Poaceae","Dactilys","glomerata",10,9,50.25
"616","7","c",2023-09-04,"Sep","coar","Convolvulus arvensis","Convolvulaceae","Convolvulus","arvensis",4.25,9,50.25
"617","7","c",2023-09-04,"Sep","plla","Plantago lanceolata","Plantaginaceae","Plantago","lanceolata",4,9,50.25
"618","7","c",2023-09-04,"Sep","pore","Potentilla reptans","Rosaceae","Potentilla","reptans",2,9,50.25
"619","7","c",2023-09-04,"Sep","cadi","Carex divulsa","Cyperaceae","Carex","divulsa",0.75,9,50.25
"620","7","c",2023-09-04,"Sep","trre","Trifolium repens","Fabaceae","Trifolium","repens",1,9,50.25
"621","7","p",2023-09-04,"Sep","coar","Convolvulus arvensis","Convolvulaceae","Convolvulus","arvensis",7.25,15,88
"622","7","p",2023-09-04,"Sep","dagl","Dactilys glomerata","Poaceae","Dactilys","glomerata",1.5,15,88
"623","7","p",2023-09-04,"Sep","plla","Plantago lanceolata","Plantaginaceae","Plantago","lanceolata",2.25,15,88
"624","7","p",2023-09-04,"Sep","ch","Chenopodium sp","Amaranthaceae","Chenopodium",NA,14,15,88
"625","7","p",2023-09-04,"Sep","pore","Potentilla reptans","Rosaceae","Potentilla","reptans",12.75,15,88
"626","7","p",2023-09-04,"Sep","lyar","Lysimachia arvensis","Primulaceae","Lysimachia","arvensis",1.25,15,88
"627","7","p",2023-09-04,"Sep","shar","Sherardia armensis","Rubeaceae","Sherardia","armensis",4.25,15,88
"628","7","p",2023-09-04,"Sep","fear","Festuca arundinacea","Poaceae","Festuca","arundinacea",6.75,15,88
"629","7","p",2023-09-04,"Sep","mear","Medicago arabica","Fabaceae","Medicago","arabica",4.5,15,88
"630","7","p",2023-09-04,"Sep","trfr","Trifolium fragiferum","Fabaceae","Trifolium","fragiferum",7.5,15,88
"631","7","p",2023-09-04,"Sep","melu","Medicago lupulina","Fabaceae","Medicago","lupulina",3.25,15,88
"632","7","p",2023-09-04,"Sep","mean","Mercurialis annua","Euphorbiaceae","Mercurialis","annua",4.75,15,88
"633","7","p",2023-09-04,"Sep","elre","Elymus repens","Poaceae","Elymus","repens",15,15,88
"634","7","p",2023-09-04,"Sep","veof","Verbena officinalis","Verbenaceae","Verbena","officinalis",2.25,15,88
"635","7","p",2023-09-04,"Sep","vepe","Veronica persica","Plantaginaceae","Veronica","persica",0.75,15,88
"636","7","w",2023-09-04,"Sep","bepe","Bellis perennis","Asteraceae","Bellis","perennis",0.75,10,42.25
"637","7","w",2023-09-04,"Sep","elre","Elymus repens","Poaceae","Elymus","repens",4.5,10,42.25
"638","7","w",2023-09-04,"Sep","cadi","Carex divulsa","Cyperaceae","Carex","divulsa",3,10,42.25
"639","7","w",2023-09-04,"Sep","coar","Convolvulus arvensis","Convolvulaceae","Convolvulus","arvensis",13.25,10,42.25
"640","7","w",2023-09-04,"Sep","rabu","Ranunculus bulbosus","Ranunculaceae","Ranunculus","bulbosus",0.75,10,42.25
"641","7","w",2023-09-04,"Sep","fear","Festuca arundinacea","Poaceae","Festuca","arundinacea",11.75,10,42.25
"642","7","w",2023-09-04,"Sep","pore","Potentilla reptans","Rosaceae","Potentilla","reptans",3.75,10,42.25
"643","7","w",2023-09-04,"Sep","dagl","Dactilys glomerata","Poaceae","Dactilys","glomerata",1.5,10,42.25
"644","7","w",2023-09-04,"Sep","trre","Trifolium repens","Fabaceae","Trifolium","repens",1.25,10,42.25
"645","7","w",2023-09-04,"Sep","plla","Plantago lanceolata","Plantaginaceae","Plantago","lanceolata",1.75,10,42.25
"646","7","wp",2023-09-04,"Sep","coar","Convolvulus arvensis","Convolvulaceae","Convolvulus","arvensis",8.75,10,44.5
"647","7","wp",2023-09-04,"Sep","plla","Plantago lanceolata","Plantaginaceae","Plantago","lanceolata",11.25,10,44.5
"648","7","wp",2023-09-04,"Sep","mear","Medicago arabica","Fabaceae","Medicago","arabica",1,10,44.5
"649","7","wp",2023-09-04,"Sep","cadi","Carex divulsa","Cyperaceae","Carex","divulsa",2,10,44.5
"650","7","wp",2023-09-04,"Sep","elre","Elymus repens","Poaceae","Elymus","repens",10.75,10,44.5
"651","7","wp",2023-09-04,"Sep","lyar","Lysimachia arvensis","Primulaceae","Lysimachia","arvensis",2.5,10,44.5
"652","7","wp",2023-09-04,"Sep","shar","Sherardia armensis","Rubeaceae","Sherardia","armensis",0.5,10,44.5
"653","7","wp",2023-09-04,"Sep","fear","Festuca arundinacea","Poaceae","Festuca","arundinacea",6.25,10,44.5
"654","7","wp",2023-09-04,"Sep","ch","Chenopodium sp","Amaranthaceae","Chenopodium",NA,0.75,10,44.5
"655","7","wp",2023-09-04,"Sep","trre","Trifolium repens","Fabaceae","Trifolium","repens",0.75,10,44.5
"656","8","c",2023-09-18,"Sep","bepe","Bellis perennis","Asteraceae","Bellis","perennis",1.5,12,62.375
"657","8","c",2023-09-18,"Sep","shar","Sherardia armensis","Rubeaceae","Sherardia","armensis",0.625,12,62.375
"658","8","c",2023-09-18,"Sep","to","Torilis sp","Apieaceae","Torilis","sp",0.25,12,62.375
"659","8","c",2023-09-18,"Sep","pore","Potentilla reptans","Rosaceae","Potentilla","reptans",1.5,12,62.375
"660","8","c",2023-09-18,"Sep","coar","Convolvulus arvensis","Convolvulaceae","Convolvulus","arvensis",4,12,62.375
"661","8","c",2023-09-18,"Sep","trfr","Trifolium fragiferum","Fabaceae","Trifolium","fragiferum",2,12,62.375
"662","8","c",2023-09-18,"Sep","fear","Festuca arundinacea","Poaceae","Festuca","arundinacea",12.5,12,62.375
"663","8","c",2023-09-18,"Sep","elre","Elymus repens","Poaceae","Elymus","repens",19,12,62.375
"664","8","c",2023-09-18,"Sep","dagl","Dactilys glomerata","Poaceae","Dactilys","glomerata",12.5,12,62.375
"665","8","c",2023-09-18,"Sep","trre","Trifolium repens","Fabaceae","Trifolium","repens",1.5,12,62.375
"666","8","c",2023-09-18,"Sep","gedi","Geranium dissectum","Geraniaceae","Geranium","dissectum",1.5,12,62.375
"667","8","c",2023-09-18,"Sep","plla","Plantago lanceolata","Plantaginaceae","Plantago","lanceolata",5.5,12,62.375
"668","8","p",2023-09-18,"Sep","to","Torilis sp","Apieaceae","Torilis","sp",0.25,18,86.5
"669","8","p",2023-09-18,"Sep","trfr","Trifolium fragiferum","Fabaceae","Trifolium","fragiferum",3.75,18,86.5
"670","8","p",2023-09-18,"Sep","elre","Elymus repens","Poaceae","Elymus","repens",16.25,18,86.5
"671","8","p",2023-09-18,"Sep","pore","Potentilla reptans","Rosaceae","Potentilla","reptans",11,18,86.5
"672","8","p",2023-09-18,"Sep","dagl","Dactilys glomerata","Poaceae","Dactilys","glomerata",1.5,18,86.5
"673","8","p",2023-09-18,"Sep","shar","Sherardia armensis","Rubeaceae","Sherardia","armensis",2.5,18,86.5
"674","8","p",2023-09-18,"Sep","mean","Mercurialis annua","Euphorbiaceae","Mercurialis","annua",4.5,18,86.5
"675","8","p",2023-09-18,"Sep","mear","Medicago arabica","Fabaceae","Medicago","arabica",5.5,18,86.5
"676","8","p",2023-09-18,"Sep","plla","Plantago lanceolata","Plantaginaceae","Plantago","lanceolata",1.5,18,86.5
"677","8","p",2023-09-18,"Sep","melu","Medicago lupulina","Fabaceae","Medicago","lupulina",2.75,18,86.5
"678","8","p",2023-09-18,"Sep","ch","Chenopodium sp","Amaranthaceae","Chenopodium",NA,13.75,18,86.5
"679","8","p",2023-09-18,"Sep","fear","Festuca arundinacea","Poaceae","Festuca","arundinacea",7.5,18,86.5
"680","8","p",2023-09-18,"Sep","coar","Convolvulus arvensis","Convolvulaceae","Convolvulus","arvensis",6.75,18,86.5
"681","8","p",2023-09-18,"Sep","vepe","Veronica persica","Plantaginaceae","Veronica","persica",0.75,18,86.5
"682","8","p",2023-09-18,"Sep","gedi","Geranium dissectum","Geraniaceae","Geranium","dissectum",2.25,18,86.5
"683","8","p",2023-09-18,"Sep","lyar","Lysimachia arvensis","Primulaceae","Lysimachia","arvensis",2.75,18,86.5
"684","8","p",2023-09-18,"Sep","bepe","Bellis perennis","Asteraceae","Bellis","perennis",0.5,18,86.5
"685","8","p",2023-09-18,"Sep","veof","Verbena officinalis","Verbenaceae","Verbena","officinalis",2.75,18,86.5
"686","8","w",2023-09-18,"Sep","to","Torilis sp","Apieaceae","Torilis","sp",0.25,11,39.25
"687","8","w",2023-09-18,"Sep","cadi","Carex divulsa","Cyperaceae","Carex","divulsa",3,11,39.25
"688","8","w",2023-09-18,"Sep","bepe","Bellis perennis","Asteraceae","Bellis","perennis",1.25,11,39.25
"689","8","w",2023-09-18,"Sep","fear","Festuca arundinacea","Poaceae","Festuca","arundinacea",11.25,11,39.25
"690","8","w",2023-09-18,"Sep","elre","Elymus repens","Poaceae","Elymus","repens",11.25,11,39.25
"691","8","w",2023-09-18,"Sep","dagl","Dactilys glomerata","Poaceae","Dactilys","glomerata",2.5,11,39.25
"692","8","w",2023-09-18,"Sep","coar","Convolvulus arvensis","Convolvulaceae","Convolvulus","arvensis",5.75,11,39.25
"693","8","w",2023-09-18,"Sep","trfr","Trifolium fragiferum","Fabaceae","Trifolium","fragiferum",0.75,11,39.25
"694","8","w",2023-09-18,"Sep","gedi","Geranium dissectum","Geraniaceae","Geranium","dissectum",1.25,11,39.25
"695","8","w",2023-09-18,"Sep","pore","Potentilla reptans","Rosaceae","Potentilla","reptans",1.5,11,39.25
"696","8","w",2023-09-18,"Sep","trre","Trifolium repens","Fabaceae","Trifolium","repens",0.5,11,39.25
"697","8","wp",2023-09-18,"Sep","elre","Elymus repens","Poaceae","Elymus","repens",24.25,12,65.375
"698","8","wp",2023-09-18,"Sep","gedi","Geranium dissectum","Geraniaceae","Geranium","dissectum",0.375,12,65.375
"699","8","wp",2023-09-18,"Sep","lyar","Lysimachia arvensis","Primulaceae","Lysimachia","arvensis",2.5,12,65.375
"700","8","wp",2023-09-18,"Sep","bepe","Bellis perennis","Asteraceae","Bellis","perennis",0.25,12,65.375
"701","8","wp",2023-09-18,"Sep","mear","Medicago arabica","Fabaceae","Medicago","arabica",1.5,12,65.375
"702","8","wp",2023-09-18,"Sep","cadi","Carex divulsa","Cyperaceae","Carex","divulsa",2.25,12,65.375
"703","8","wp",2023-09-18,"Sep","ch","Chenopodium sp","Amaranthaceae","Chenopodium",NA,0.75,12,65.375
"704","8","wp",2023-09-18,"Sep","fear","Festuca arundinacea","Poaceae","Festuca","arundinacea",4.75,12,65.375
"705","8","wp",2023-09-18,"Sep","plla","Plantago lanceolata","Plantaginaceae","Plantago","lanceolata",13.75,12,65.375
"706","8","wp",2023-09-18,"Sep","melu","Medicago lupulina","Fabaceae","Medicago","lupulina",0.75,12,65.375
"707","8","wp",2023-09-18,"Sep","coar","Convolvulus arvensis","Convolvulaceae","Convolvulus","arvensis",11,12,65.375
"708","8","wp",2023-09-18,"Sep","vepe","Veronica persica","Plantaginaceae","Veronica","persica",3.25,12,65.375
"709","9","c",2023-10-04,"Oct","bepe","Bellis perennis","Asteraceae","Bellis","perennis",1.25,15,72.75
"710","9","c",2023-10-04,"Oct","elre","Elymus repens","Poaceae","Elymus","repens",33.75,15,72.75
"711","9","c",2023-10-04,"Oct","trfr","Trifolium fragiferum","Fabaceae","Trifolium","fragiferum",1.25,15,72.75
"712","9","c",2023-10-04,"Oct","rabu","Ranunculus bulbosus","Ranunculaceae","Ranunculus","bulbosus",1.25,15,72.75
"713","9","c",2023-10-04,"Oct","trre","Trifolium repens","Fabaceae","Trifolium","repens",0.5,15,72.75
"714","9","c",2023-10-04,"Oct","rucr","Rumex crispus","Polygonaceae","Rumex","crispus",0.25,15,72.75
"715","9","c",2023-10-04,"Oct","shar","Sherardia armensis","Rubeaceae","Sherardia","armensis",3,15,72.75
"716","9","c",2023-10-04,"Oct","plla","Plantago lanceolata","Plantaginaceae","Plantago","lanceolata",4.5,15,72.75
"717","9","c",2023-10-04,"Oct","coar","Convolvulus arvensis","Convolvulaceae","Convolvulus","arvensis",3.25,15,72.75
"718","9","c",2023-10-04,"Oct","gedi","Geranium dissectum","Geraniaceae","Geranium","dissectum",3.25,15,72.75
"719","9","c",2023-10-04,"Oct","to","Torilis sp","Apieaceae","Torilis","sp",0.5,15,72.75
"720","9","c",2023-10-04,"Oct","dagl","Dactilys glomerata","Poaceae","Dactilys","glomerata",11.25,15,72.75
"721","9","c",2023-10-04,"Oct","libi","Linum bienne","Linaceae","Linum","bienne",0.25,15,72.75
"722","9","c",2023-10-04,"Oct","pore","Potentilla reptans","Rosaceae","Potentilla","reptans",0.25,15,72.75
"723","9","c",2023-10-04,"Oct","fear","Festuca arundinacea","Poaceae","Festuca","arundinacea",8.25,15,72.75
"724","9","p",2023-10-04,"Oct","plla","Plantago lanceolata","Plantaginaceae","Plantago","lanceolata",2.75,18,75.75
"725","9","p",2023-10-04,"Oct","dagl","Dactilys glomerata","Poaceae","Dactilys","glomerata",1.25,18,75.75
"726","9","p",2023-10-04,"Oct","elre","Elymus repens","Poaceae","Elymus","repens",12.5,18,75.75
"727","9","p",2023-10-04,"Oct","mean","Mercurialis annua","Euphorbiaceae","Mercurialis","annua",3.5,18,75.75
"728","9","p",2023-10-04,"Oct","ch","Chenopodium sp","Amaranthaceae","Chenopodium",NA,8.5,18,75.75
"729","9","p",2023-10-04,"Oct","melu","Medicago lupulina","Fabaceae","Medicago","lupulina",1.25,18,75.75
"730","9","p",2023-10-04,"Oct","shar","Sherardia armensis","Rubeaceae","Sherardia","armensis",3.25,18,75.75
"731","9","p",2023-10-04,"Oct","fear","Festuca arundinacea","Poaceae","Festuca","arundinacea",5,18,75.75
"732","9","p",2023-10-04,"Oct","gedi","Geranium dissectum","Geraniaceae","Geranium","dissectum",5,18,75.75
"733","9","p",2023-10-04,"Oct","pore","Potentilla reptans","Rosaceae","Potentilla","reptans",11,18,75.75
"734","9","p",2023-10-04,"Oct","to","Torilis sp","Apieaceae","Torilis","sp",0.75,18,75.75
"735","9","p",2023-10-04,"Oct","mear","Medicago arabica","Fabaceae","Medicago","arabica",4,18,75.75
"736","9","p",2023-10-04,"Oct","bepe","Bellis perennis","Asteraceae","Bellis","perennis",1.25,18,75.75
"737","9","p",2023-10-04,"Oct","vepe","Veronica persica","Plantaginaceae","Veronica","persica",1,18,75.75
"738","9","p",2023-10-04,"Oct","trfr","Trifolium fragiferum","Fabaceae","Trifolium","fragiferum",2,18,75.75
"739","9","p",2023-10-04,"Oct","veof","Verbena officinalis","Verbenaceae","Verbena","officinalis",2.25,18,75.75
"740","9","p",2023-10-04,"Oct","coar","Convolvulus arvensis","Convolvulaceae","Convolvulus","arvensis",8.25,18,75.75
"741","9","p",2023-10-04,"Oct","lyar","Lysimachia arvensis","Primulaceae","Lysimachia","arvensis",2.25,18,75.75
"742","9","w",2023-10-04,"Oct","shar","Sherardia armensis","Rubeaceae","Sherardia","armensis",2,14,56.45
"743","9","w",2023-10-04,"Oct","to","Torilis sp","Apieaceae","Torilis","sp",1.25,14,56.45
"744","9","w",2023-10-04,"Oct","trfr","Trifolium fragiferum","Fabaceae","Trifolium","fragiferum",0.5,14,56.45
"745","9","w",2023-10-04,"Oct","cadi","Carex divulsa","Cyperaceae","Carex","divulsa",2,14,56.45
"746","9","w",2023-10-04,"Oct","elre","Elymus repens","Poaceae","Elymus","repens",22.5,14,56.45
"747","9","w",2023-10-04,"Oct","plla","Plantago lanceolata","Plantaginaceae","Plantago","lanceolata",0.75,14,56.45
"748","9","w",2023-10-04,"Oct","visa","Vicia sativa","Fabaceae","Vicia","sativa",0.25,14,56.45
"749","9","w",2023-10-04,"Oct","coar","Convolvulus arvensis","Convolvulaceae","Convolvulus","arvensis",9.25,14,56.45
"750","9","w",2023-10-04,"Oct","fear","Festuca arundinacea","Poaceae","Festuca","arundinacea",11.5,14,56.45
"751","9","w",2023-10-04,"Oct","pore","Potentilla reptans","Rosaceae","Potentilla","reptans",1.5,14,56.45
"752","9","w",2023-10-04,"Oct","bepe","Bellis perennis","Asteraceae","Bellis","perennis",0.75,14,56.45
"753","9","w",2023-10-04,"Oct","gedi","Geranium dissectum","Geraniaceae","Geranium","dissectum",3.7,14,56.45
"754","9","w",2023-10-04,"Oct","rabu","Ranunculus bulbosus","Ranunculaceae","Ranunculus","bulbosus",0.25,14,56.45
"755","9","w",2023-10-04,"Oct","libi","Linum bienne","Linaceae","Linum","bienne",0.25,14,56.45
"756","9","wp",2023-10-04,"Oct","mean","Mercurialis annua","Euphorbiaceae","Mercurialis","annua",0.25,15,65.375
"757","9","wp",2023-10-04,"Oct","ch","Chenopodium sp","Amaranthaceae","Chenopodium",NA,0.5,15,65.375
"758","9","wp",2023-10-04,"Oct","melu","Medicago lupulina","Fabaceae","Medicago","lupulina",1,15,65.375
"759","9","wp",2023-10-04,"Oct","shar","Sherardia armensis","Rubeaceae","Sherardia","armensis",1,15,65.375
"760","9","wp",2023-10-04,"Oct","coar","Convolvulus arvensis","Convolvulaceae","Convolvulus","arvensis",10,15,65.375
"761","9","wp",2023-10-04,"Oct","plla","Plantago lanceolata","Plantaginaceae","Plantago","lanceolata",11,15,65.375
"762","9","wp",2023-10-04,"Oct","to","Torilis sp","Apieaceae","Torilis","sp",0.125,15,65.375
"763","9","wp",2023-10-04,"Oct","gedi","Geranium dissectum","Geraniaceae","Geranium","dissectum",1.25,15,65.375
"764","9","wp",2023-10-04,"Oct","lyar","Lysimachia arvensis","Primulaceae","Lysimachia","arvensis",2.5,15,65.375
"765","9","wp",2023-10-04,"Oct","bepe","Bellis perennis","Asteraceae","Bellis","perennis",0.25,15,65.375
"766","9","wp",2023-10-04,"Oct","elre","Elymus repens","Poaceae","Elymus","repens",24,15,65.375
"767","9","wp",2023-10-04,"Oct","cadi","Carex divulsa","Cyperaceae","Carex","divulsa",3.5,15,65.375
"768","9","wp",2023-10-04,"Oct","mear","Medicago arabica","Fabaceae","Medicago","arabica",1.5,15,65.375
"769","9","wp",2023-10-04,"Oct","vepe","Veronica persica","Plantaginaceae","Veronica","persica",4.5,15,65.375
"770","9","wp",2023-10-04,"Oct","fear","Festuca arundinacea","Poaceae","Festuca","arundinacea",4,15,65.375
